4	2	-0.6047
2	2	-0.6047
4	2	-0.6333
2	2	-0.6333
5	2	-1.0177
2	2	-1.0177
5	2	-0.9004
2	2	-0.9004
5	2	-0.6476
2	2	-0.6476
2	2	-0.4115
2	2	-0.1388
2	5	-0.8175
2	2	-0.8175
5	5	-0.4559
5	2	-0.4559
2	5	-0.4559
2	2	-0.4559
5	2	-1.3545
2	2	-1.3545
5	2	-0.8174
2	2	-0.8174
5	2	-0.4534
2	2	-0.4534
5	2	0.7978
5	221	0.7978
2	2	0.7978
2	221	0.7978
5	5	-0.7006
5	2	-0.7006
2	5	-0.7006
2	2	-0.7006
5	199	-0.8507
2	199	-0.8507
5	2	-0.5153
2	2	-0.5153
5	163	-0.9448
2	163	-0.9448
5	5	-1.2487
5	2	-1.2487
2	5	-1.2487
2	2	-1.2487
5	2	-0.8809
2	2	-0.8809
2	5	-0.7893
2	2	-0.7893
2	2	-0.9781
2	2	-1.3169
2	8	-1.3169
2	2	-1.3169
6	174	-1.0552
5	87	-1.4221
2	2	-0.8640
2	221	-0.8640
2	2	-0.8640
2	2	-0.9641
2	2	-1.2069
2	2	-1.0533
2	8	-0.9561
2	2	-1.0351
2	2	-1.0316
2	2	-0.9785
2	2	-1.1989
2	2	-1.0330
2	2	-1.0330
2	5	-0.9339
2	2	-0.9339
2	174	-1.0559
2	2	0.6034
10	175	-1.0450
12	123	-0.5780
12	54	-1.1018
12	12	-0.8958
15	15	0.8876
15	15	-0.5645
15	15	-1.0690
15	112	-1.1282
15	15	-0.7227
15	15	-0.8066
15	112	-0.7694
15	15	-0.7043
15	15	-0.8115
15	15	-0.8108
15	112	-0.9834
15	15	-0.6761
15	112	-0.7556
15	15	-0.1430
15	15	-0.7242
15	15	-0.7447
15	15	-1.3185
15	15	-0.5890
15	15	0.4526
15	112	0.4526
15	15	-0.2381
15	15	1.1023
15	15	-1.7761
15	15	-1.1592
15	112	-0.8106
15	112	-0.9051
15	112	-1.0283
15	15	1.1804
15	15	-1.0517
15	15	-0.3829
15	15	-1.1592
15	15	0.5904
15	30	1.2527
15	112	-0.4807
15	15	-1.2163
15	15	-0.7968
15	112	-0.8806
15	15	-1.2672
15	112	-0.9056
15	15	-0.4945
15	15	-0.6339
15	15	-0.8301
15	15	-0.4277
15	112	-1.1887
15	112	-0.8993
15	15	-0.8771
15	15	-0.6309
15	15	-1.0645
15	112	-1.0865
15	15	-1.0238
15	15	0.8791
15	15	-0.8928
15	15	-0.8638
15	112	-0.1728
15	15	-0.2878
15	15	-0.7867
15	15	-0.8719
15	112	-0.8852
15	15	-0.0604
15	15	-0.8083
15	15	0.4056
14	31	-0.6358
14	32	-1.0059
14	99	-1.0517
14	14	-0.8300
14	14	-0.9094
14	44	-0.9611
14	14	-0.9528
14	38	-1.0762
14	14	-1.0048
14	34	0.3648
14	32	-0.9162
14	14	-0.8356
14	14	-1.4078
14	14	-0.4479
14	14	-0.7846
14	14	-0.9946
14	53	-0.3504
14	53	-0.9540
14	34	-1.2039
14	34	-1.2039
14	16	-0.3163
14	14	-0.8942
14	14	-0.9194
14	14	-1.1475
14	14	-0.6483
14	14	-0.7735
14	16	-0.9822
14	14	-1.0198
14	14	-1.0382
14	14	-0.9335
14	14	-1.0198
14	14	-0.9723
14	11	-0.8747
14	47	-0.9898
14	30	-0.8769
14	14	-1.2886
14	153	-0.8918
14	153	-0.8769
14	14	-0.9089
14	14	-0.5698
14	213	-0.5005
14	14	-0.8278
14	14	0.9179
14	14	-0.6596
14	14	-0.9716
14	14	-0.8216
14	14	-0.7039
14	145	-1.1066
14	14	-1.2381
14	53	-1.0258
14	145	-1.6482
14	228	-1.1548
14	50	-1.3357
14	14	-0.3501
14	139	-0.8187
14	140	-0.8187
14	141	-0.8187
14	14	-0.9886
14	14	-0.5510
14	181	-0.8187
14	12	-1.0271
14	14	-1.1565
14	14	-1.1013
14	14	-0.9537
14	14	-1.1013
14	145	-0.9372
14	34	-0.7368
14	19	-1.2139
14	19	-0.7794
14	14	-1.3834
14	34	-0.7368
14	14	-1.2139
14	19	-0.6740
14	14	-1.0262
14	14	-0.3713
14	52	-1.1464
14	19	-0.5392
14	99	-1.0043
14	124	-1.4184
14	12	-1.4184
14	32	-1.4184
14	34	-0.8904
14	145	-1.4184
14	14	-0.8383
16	16	-0.8157
16	16	-1.0756
17	16	-0.8535
16	16	-1.0064
16	17	-1.0064
16	16	-1.0064
16	16	-0.4256
16	16	-0.6818
16	16	-0.4256
16	16	-0.7926
16	16	-0.7926
16	16	-0.7926
18	18	-0.9774
18	18	-0.7013
18	18	-0.8777
18	18	-0.8777
18	18	-0.8102
18	18	-0.2195
18	18	-0.2195
18	18	-0.9183
16	16	-0.2423
17	16	0.6877
18	18	-0.4551
18	18	-0.9163
18	18	-0.4807
18	18	-0.4807
18	18	-0.4807
18	18	-0.4807
18	18	-1.1901
18	18	-1.2437
18	18	-1.2437
18	18	-1.2437
18	18	-0.9341
16	34	0.8069
16	16	-0.4265
16	16	-0.9805
18	18	-0.6780
18	99	0.7219
18	18	-0.6464
18	18	-0.9538
18	12	-0.6873
18	18	-0.6780
20	30	-0.7303
20	30	-0.5822
20	30	0.1018
21	21	-0.8530
21	21	-1.0586
21	21	-1.0586
21	21	-1.0717
21	21	-0.5032
21	21	-0.1147
21	21	-0.9257
21	21	1.2159
21	21	-0.1427
21	21	-1.1913
21	21	-0.9646
21	21	-1.0312
21	21	-0.2399
21	21	-0.9646
21	21	-0.9570
21	21	-1.1312
21	21	-0.9570
21	21	0.1589
21	21	-1.1538
21	21	-0.3935
21	21	-1.5608
21	21	-0.8795
21	21	-0.2164
21	21	-0.8978
21	21	-0.9416
21	21	-0.7374
21	21	-0.5928
21	21	1.2573
21	21	-0.9366
21	21	-0.9192
21	21	-0.5923
21	21	-0.9192
21	21	0.4746
21	21	-1.0426
21	21	-0.9314
21	21	-0.8105
21	21	-1.3220
21	21	-0.8864
21	21	-1.0510
21	21	-0.7733
21	21	0.2147
21	21	-1.0695
21	21	-0.9357
21	21	-0.6837
21	21	-1.0704
21	21	-0.3523
21	21	-0.7896
21	21	-0.8727
21	21	-0.1625
21	21	-1.0201
21	21	0.5833
21	21	-0.6453
21	21	-0.6686
21	21	-0.5988
21	21	-0.9511
21	21	-0.9634
21	21	-0.8794
21	21	0.0609
21	21	0.6321
21	21	-0.8261
21	21	-1.2552
21	21	-0.2736
21	21	-0.7425
21	21	-0.9011
21	21	0.6522
21	21	-0.8779
21	21	-0.5196
21	21	-0.8757
21	21	-0.9264
21	21	-0.7653
21	21	-0.7586
21	21	-1.2098
21	21	-0.9952
21	21	-0.9725
21	21	-0.9725
21	21	-0.4511
21	21	0.5190
21	21	-0.7564
21	21	0.5461
21	21	-0.7034
21	21	-1.0511
21	21	0.1755
21	21	-0.3191
21	21	-0.9942
21	21	-0.6641
21	21	-0.8423
21	21	-0.4431
21	21	-0.9186
21	21	-0.9322
21	21	-1.0863
21	21	-1.0890
21	21	-1.0970
21	21	-0.6537
21	21	-0.9950
21	21	-0.8082
21	21	0.8756
21	21	-0.4065
21	21	-1.2835
21	21	-0.8670
21	21	-0.2110
21	21	-0.8035
21	21	-1.0470
21	21	-1.1676
21	21	-0.7214
21	21	-1.7372
21	21	-0.1623
21	21	-0.6802
21	33	-0.8540
21	21	-1.1451
21	21	-0.5359
21	21	-0.4529
21	21	0.3121
21	21	-0.2799
21	21	-1.0128
21	21	-0.1422
21	21	-1.0036
21	21	-0.3639
21	21	-0.5724
21	21	-0.3333
21	16	-0.4557
21	21	-0.9380
21	21	-0.6928
21	21	-1.1285
21	16	-1.1285
21	135	-1.0461
21	136	-1.0461
21	137	-1.0461
21	21	-0.8973
21	21	-0.8973
21	21	-0.8973
21	21	-0.7171
21	21	-0.0424
21	21	-0.7158
21	21	-0.8095
21	21	0.3397
21	22	0.3397
21	21	-0.8734
21	21	-0.5466
21	21	1.3098
21	70	-0.3967
21	66	-0.3967
21	158	-0.9583
21	21	-0.8102
21	21	-1.1090
21	22	-1.1090
21	21	-0.5466
21	21	-0.4925
21	21	-0.8284
21	21	-0.5738
21	21	-0.7032
21	21	-0.8885
21	21	-0.6596
21	21	0.7955
21	21	-1.0876
21	21	-0.7089
21	21	1.3196
21	21	-0.6136
21	21	-0.9632
21	21	-0.8483
21	21	-1.1268
21	21	-0.7322
21	21	-1.2728
21	21	-0.9269
21	21	-1.1502
21	21	-0.7102
21	21	-0.9466
21	21	-0.4695
21	21	-0.7738
21	21	-0.8104
21	21	-0.7398
21	21	0.0707
21	21	-0.8114
21	21	-1.1881
21	21	-1.7015
21	21	-0.6584
21	21	-0.7302
21	21	0.2490
21	21	-0.8399
22	22	-0.5092
22	21	-0.8063
21	21	-0.2803
21	21	-0.7972
21	21	-0.8497
21	21	-0.2803
21	22	-1.0799
21	21	-0.8653
21	21	-0.9722
21	21	-0.7053
21	21	-0.8663
21	21	-0.7053
21	21	-0.7053
21	21	-0.7064
21	21	-0.8305
21	21	-0.4877
21	21	-0.8035
21	21	-0.6902
21	21	0.2386
21	21	-0.3324
21	21	0.4761
21	21	-0.8311
21	21	-0.4356
21	21	-0.5722
21	21	-0.4535
21	21	-0.9580
21	21	-1.3923
21	21	-0.8440
21	21	-0.8844
21	21	-0.8491
21	21	-0.7872
21	21	-0.8890
21	21	0.4925
21	21	-0.8385
21	21	-0.8135
21	21	-0.7609
21	21	-0.6027
21	21	0.7298
21	21	0.6514
21	21	-1.0591
21	21	-1.0555
21	21	-0.3750
21	21	-0.5569
21	21	-0.8375
21	84	-0.6546
21	21	-0.7669
21	21	-0.7120
21	21	-0.8167
21	21	-0.5186
21	21	-0.8244
21	21	-1.0065
21	21	-0.8163
21	21	-0.9425
21	21	-1.5670
21	21	-0.7741
21	21	-0.6157
21	21	-1.3130
21	21	-0.8629
21	21	0.2024
21	21	-0.7414
21	21	-1.3947
21	21	-1.0401
21	21	-0.8913
21	21	-0.9574
21	21	-0.7008
21	135	-0.7545
21	136	-0.7545
21	138	-0.7545
21	137	-0.7545
21	21	-0.7744
21	21	-1.0258
21	21	-0.6020
21	21	-0.1359
21	21	-0.6402
21	21	-0.8175
21	21	-0.4208
21	21	-0.9573
21	21	-0.7470
21	21	-0.7195
21	21	-0.1851
21	21	-0.8034
22	22	-0.9772
21	21	0.7505
21	21	-1.0719
21	21	-1.0238
21	21	-1.2499
21	21	-1.2499
21	21	-0.8015
21	21	0.0987
21	21	0.1587
21	21	-0.8079
21	21	-0.6245
21	21	-1.0284
21	21	-1.0846
21	21	-1.2723
21	21	0.0094
21	21	-0.5533
21	21	-1.2200
21	21	-0.9504
21	21	-0.8246
21	21	-0.7571
21	21	-0.9064
21	21	-0.8286
21	21	0.8533
21	21	-0.8233
21	21	-0.4462
21	21	-0.4783
22	22	-0.9772
21	21	-0.5125
21	21	-0.8386
21	21	-1.0110
21	21	-0.3148
22	22	-0.9772
22	22	-0.6327
21	21	-0.7755
21	22	-0.6644
21	22	-0.8324
21	21	-0.4284
21	21	-0.7476
21	22	-0.7476
21	16	-0.7476
21	21	-0.9396
21	21	-0.7476
21	21	-0.4916
21	21	-0.4916
21	21	0.4370
21	21	-1.1228
21	21	-1.1060
21	21	-0.4777
21	21	-1.1842
21	21	-0.4332
21	21	-1.2300
21	33	-0.8288
21	21	-0.9860
21	21	-1.0204
21	21	-0.4747
21	21	1.2966
22	21	-0.8443
22	21	0.5261
22	21	-1.0304
22	21	-0.9605
22	22	0.8896
21	21	-0.8796
21	22	-0.8796
21	16	-0.8796
21	21	-0.8405
21	21	-0.7748
21	21	0.1077
21	21	0.7064
21	21	-0.5281
21	46	-0.4532
21	16	-0.4532
21	21	-0.9509
21	21	-0.8683
21	21	-0.4156
21	21	-1.3161
21	21	-0.8811
21	22	-0.8811
21	16	-0.8811
21	21	-0.0745
21	22	-0.0745
21	16	-0.0745
21	21	1.0548
21	21	-0.6484
21	21	-0.8717
21	21	-0.6081
21	21	-0.6491
21	21	-0.8662
21	34	-1.0548
21	21	-0.9953
21	21	-0.4314
21	21	-0.6258
21	21	-0.5934
21	21	-0.4873
21	21	-0.8695
21	21	-0.8455
21	21	-0.8877
21	21	-0.7623
21	21	-1.0595
21	21	-0.2388
21	21	-0.8813
21	21	-1.0576
21	21	-0.7437
21	21	-0.9596
21	21	-0.9581
21	21	1.1038
21	21	0.1485
21	21	-0.7261
21	21	-1.2039
21	21	-0.4088
21	21	-0.8815
21	21	-0.3570
21	21	-0.0812
21	21	-1.3814
21	21	-0.8967
21	21	0.4235
21	21	-0.9136
21	21	-0.8994
21	21	-0.7772
21	21	-0.7842
21	21	-0.2777
21	21	-1.1533
21	21	-0.9084
21	21	0.2905
21	21	-1.1491
21	21	-0.9812
21	21	-1.1165
21	21	-0.9331
21	21	-0.2579
21	21	1.1742
21	21	-0.7578
21	21	-0.8527
22	21	-0.7470
22	22	-0.8322
22	22	0.8896
21	21	-0.2752
22	21	-0.9598
22	22	0.7770
22	21	-0.9075
22	21	-1.0890
22	21	-1.0143
22	22	0.7770
21	21	-0.8630
21	21	-0.5030
21	21	-1.0183
21	21	-0.9012
22	21	0.5689
22	22	-0.5179
22	21	-1.1361
22	22	0.7770
21	21	-1.1400
21	21	-0.6061
21	21	-1.0611
21	21	-1.0593
21	21	-0.6706
21	21	-0.6580
22	22	0.6986
21	22	-0.5738
21	21	-0.5498
21	22	-0.6319
21	22	-0.1888
21	22	-0.7513
21	22	-1.0280
21	22	-0.4941
21	21	-0.0844
21	22	-0.8435
22	22	0.7770
22	21	-0.9075
23	168	-0.9529
23	179	-0.6125
23	170	-0.8721
24	105	-1.0092
27	85	-0.9975
29	28	-1.0146
29	28	-1.0146
29	28	-1.2022
29	29	-1.0335
15	112	-1.0283
15	15	-1.7761
15	15	1.1804
15	15	-1.1592
15	15	-1.0517
15	15	-0.3829
15	112	-0.8106
15	15	-1.1592
15	112	-0.9051
15	15	-0.9010
31	123	-0.9297
30	30	-0.1818
30	30	-0.6963
30	30	-1.3113
30	30	-0.7176
30	30	0.0092
30	153	-1.0162
30	30	-0.7775
30	124	0.5031
30	12	0.5031
30	30	0.0400
30	56	-0.8247
30	99	-0.6643
30	30	-1.6193
30	99	-1.6193
30	124	-1.6193
30	56	-0.5114
30	30	-0.8869
30	119	-0.8869
30	149	-1.3035
30	30	-0.6657
30	119	-1.6734
30	56	-1.1296
30	108	-0.3797
30	30	-0.6813
30	30	-0.6509
32	54	-0.4774
32	54	1.2150
32	124	-1.0022
32	12	0.0463
32	99	-1.0022
32	30	-1.0022
32	12	-0.9641
34	31	-0.9364
34	126	-1.0612
34	34	-1.4231
34	19	-1.2888
34	158	-0.9211
35	110	-0.5820
36	36	-1.2555
36	36	-0.9318
36	36	-0.8854
36	36	-0.4289
36	36	-0.7156
36	36	-0.7156
36	36	-1.2095
36	34	-0.7937
33	36	-1.0119
33	33	-0.8589
36	36	-0.7482
36	36	-0.7482
34	21	-1.6464
34	145	-0.8812
34	172	-0.4601
34	99	-0.8812
34	99	-1.0075
34	167	-0.8812
34	145	-0.8812
34	172	-0.4601
34	99	-0.8812
34	99	-1.0075
34	167	-0.8812
34	143	-0.9539
34	14	-0.8422
34	34	-1.0148
34	34	-0.8339
34	14	-0.8848
34	34	-0.8339
34	34	-1.0148
34	19	-1.2079
34	38	-0.6978
34	42	-0.8505
34	29	-0.9181
34	38	-0.9715
34	42	-0.6978
34	14	-1.0369
34	34	-0.9394
34	31	-1.1003
34	16	-1.3521
34	177	-1.0773
34	90	-0.8582
34	101	0.4438
34	19	-0.7794
34	145	-0.9372
34	213	-0.9284
34	213	-0.6885
34	213	-0.6213
34	19	-0.9904
34	19	0.4236
34	19	-0.9490
34	168	-0.4090
34	82	-1.1691
34	99	-1.1691
34	12	-1.1068
34	124	-1.1691
34	141	-0.9412
34	142	-0.9412
34	23	-1.2836
34	11	-0.3925
34	209	-0.8774
19	194	1.1470
19	196	-0.3924
19	229	0.4856
19	116	-0.6158
34	49	-0.8779
34	147	-0.8000
34	144	-0.7420
34	146	1.0472
34	19	-0.7736
34	109	-0.6546
34	109	-0.4769
34	146	1.0472
34	146	-0.5972
34	151	-1.0922
34	34	-0.3831
34	34	-0.5268
11	171	-0.9533
11	12	-0.9099
39	105	-1.0506
40	74	-0.6773
40	74	0.3874
41	197	-0.9616
41	10	-0.9616
41	197	-0.7827
41	10	-0.7827
41	191	-0.7316
41	10	-1.0312
41	10	-0.5024
41	10	-0.9638
41	10	-0.3702
41	10	-1.0026
41	10	-0.7698
41	197	-0.6965
41	10	-0.6965
43	12	-0.8701
46	45	-0.9500
16	45	-0.9500
45	46	-0.9533
45	16	-0.9533
47	55	-0.7619
50	54	-0.2576
42	12	-0.8731
42	124	-0.7870
42	30	-0.7870
50	105	0.9050
50	39	0.8560
51	30	-0.8093
52	12	0.9483
52	148	0.5432
52	12	0.4707
52	48	-1.0899
52	12	-0.2808
51	34	-0.8299
51	70	-1.0413
51	69	-1.0413
51	34	-1.1861
51	74	-0.9504
53	21	-1.0106
53	53	-0.9154
53	213	-0.9154
53	194	-1.1024
53	186	-1.1024
53	53	-0.9138
53	213	-0.0071
53	122	-0.4096
53	53	-0.6047
53	53	-0.6502
54	117	-1.1774
55	99	-0.4497
55	55	-0.7574
56	30	-0.8799
56	34	-0.8667
57	34	-0.9625
56	97	-0.7512
58	126	-0.9646
38	29	-1.1172
38	29	-0.0846
38	12	-0.5072
59	12	0.6940
60	147	-0.8662
61	147	-0.8662
62	147	-0.8662
63	147	-0.8662
70	21	-0.7928
66	21	-0.7928
64	64	-0.5585
64	65	-0.5585
64	66	-0.5585
65	64	-0.5585
65	65	-0.5585
65	66	-0.5585
67	64	-0.5585
67	65	-0.5585
67	66	-0.5585
68	64	-0.5585
68	65	-0.5585
68	66	-0.5585
69	64	-0.5585
69	65	-0.5585
69	66	-0.5585
64	64	-0.5585
64	65	-0.5585
64	67	-0.5585
64	68	-0.5585
64	69	-0.5585
65	64	-0.5585
65	65	-0.5585
65	67	-0.5585
65	68	-0.5585
65	69	-0.5585
67	64	-0.5585
67	65	-0.5585
67	67	-0.5585
67	68	-0.5585
67	69	-0.5585
68	64	-0.5585
68	65	-0.5585
68	67	-0.5585
68	68	-0.5585
68	69	-0.5585
69	64	-0.5585
69	65	-0.5585
69	67	-0.5585
69	68	-0.5585
69	69	-0.5585
64	65	-0.3690
65	65	-0.3690
67	65	-0.3690
68	65	-0.3690
69	65	-0.3690
64	64	-0.3690
64	65	-0.3690
64	66	-0.3690
65	64	-0.3690
65	65	-0.3690
65	66	-0.3690
67	64	-0.3690
67	65	-0.3690
67	66	-0.3690
68	64	-0.3690
68	65	-0.3690
68	66	-0.3690
69	64	-0.3690
69	65	-0.3690
69	66	-0.3690
64	64	-0.3690
64	65	-0.3690
64	67	-0.3690
64	68	-0.3690
64	69	-0.3690
65	64	-0.3690
65	65	-0.3690
65	67	-0.3690
65	68	-0.3690
65	69	-0.3690
67	64	-0.3690
67	65	-0.3690
67	67	-0.3690
67	68	-0.3690
67	69	-0.3690
68	64	-0.3690
68	65	-0.3690
68	67	-0.3690
68	68	-0.3690
68	69	-0.3690
69	64	-0.3690
69	65	-0.3690
69	67	-0.3690
69	68	-0.3690
69	69	-0.3690
64	64	-0.3690
64	65	-0.3690
64	67	-0.3690
64	68	-0.3690
64	69	-0.3690
65	64	-0.3690
65	65	-0.3690
65	67	-0.3690
65	68	-0.3690
65	69	-0.3690
67	64	-0.3690
67	65	-0.3690
67	67	-0.3690
67	68	-0.3690
67	69	-0.3690
68	64	-0.3690
68	65	-0.3690
68	67	-0.3690
68	68	-0.3690
68	69	-0.3690
69	64	-0.3690
69	65	-0.3690
69	67	-0.3690
69	68	-0.3690
69	69	-0.3690
64	64	-0.3746
64	65	-0.3746
64	67	-0.3746
64	68	-0.3746
64	69	-0.3746
65	64	-0.3746
65	65	-0.3746
65	67	-0.3746
65	68	-0.3746
65	69	-0.3746
67	64	-0.3746
67	65	-0.3746
67	67	-0.3746
67	68	-0.3746
67	69	-0.3746
68	64	-0.3746
68	65	-0.3746
68	67	-0.3746
68	68	-0.3746
68	69	-0.3746
69	64	-0.3746
69	65	-0.3746
69	67	-0.3746
69	68	-0.3746
69	69	-0.3746
64	65	-0.3746
65	65	-0.3746
67	65	-0.3746
68	65	-0.3746
69	65	-0.3746
64	64	-0.3746
64	65	-0.3746
64	67	-0.3746
64	68	-0.3746
64	69	-0.3746
65	64	-0.3746
65	65	-0.3746
65	67	-0.3746
65	68	-0.3746
65	69	-0.3746
67	64	-0.3746
67	65	-0.3746
67	67	-0.3746
67	68	-0.3746
67	69	-0.3746
68	64	-0.3746
68	65	-0.3746
68	67	-0.3746
68	68	-0.3746
68	69	-0.3746
69	64	-0.3746
69	65	-0.3746
69	67	-0.3746
69	68	-0.3746
69	69	-0.3746
64	64	-0.6024
64	65	-0.6024
64	67	-0.6024
64	68	-0.6024
64	69	-0.6024
65	64	-0.6024
65	65	-0.6024
65	67	-0.6024
65	68	-0.6024
65	69	-0.6024
67	64	-0.6024
67	65	-0.6024
67	67	-0.6024
67	68	-0.6024
67	69	-0.6024
68	64	-0.6024
68	65	-0.6024
68	67	-0.6024
68	68	-0.6024
68	69	-0.6024
69	64	-0.6024
69	65	-0.6024
69	67	-0.6024
69	68	-0.6024
69	69	-0.6024
64	64	-0.3746
64	65	-0.3746
64	66	-0.3746
65	64	-0.3746
65	65	-0.3746
65	66	-0.3746
67	64	-0.3746
67	65	-0.3746
67	66	-0.3746
68	64	-0.3746
68	65	-0.3746
68	66	-0.3746
69	64	-0.3746
69	65	-0.3746
69	66	-0.3746
64	64	-0.3746
64	65	-0.3746
64	67	-0.3746
64	68	-0.3746
64	69	-0.3746
65	64	-0.3746
65	65	-0.3746
65	67	-0.3746
65	68	-0.3746
65	69	-0.3746
67	64	-0.3746
67	65	-0.3746
67	67	-0.3746
67	68	-0.3746
67	69	-0.3746
68	64	-0.3746
68	65	-0.3746
68	67	-0.3746
68	68	-0.3746
68	69	-0.3746
69	64	-0.3746
69	65	-0.3746
69	67	-0.3746
69	68	-0.3746
69	69	-0.3746
64	64	-1.0841
64	65	-1.0841
64	67	-1.0841
64	68	-1.0841
64	69	-1.0841
65	64	-1.0841
65	65	-1.0841
65	67	-1.0841
65	68	-1.0841
65	69	-1.0841
67	64	-1.0841
67	65	-1.0841
67	67	-1.0841
67	68	-1.0841
67	69	-1.0841
68	64	-1.0841
68	65	-1.0841
68	67	-1.0841
68	68	-1.0841
68	69	-1.0841
69	64	-1.0841
69	65	-1.0841
69	67	-1.0841
69	68	-1.0841
69	69	-1.0841
71	169	0.6147
72	169	0.6147
12	99	-1.2466
12	123	-0.5780
12	12	-1.5795
12	12	0.6962
12	12	0.6962
12	12	-0.2817
12	12	-0.8048
12	99	-0.5027
12	54	0.8204
12	12	0.6962
12	12	0.2533
12	12	-0.3519
12	12	-0.0635
12	12	-0.3519
12	99	-0.8377
12	12	-0.8671
12	12	-0.7900
12	12	-0.4155
12	12	-0.5479
12	99	-0.8019
12	12	-0.8958
12	12	-0.3721
12	54	-1.1018
12	32	-1.1018
12	12	1.0370
12	12	-0.9170
12	12	-0.2988
12	12	-1.0223
12	12	-0.0309
12	12	-0.9429
12	12	-0.9302
12	12	-0.6248
12	12	-0.4511
12	99	-1.0141
12	12	-0.7241
12	12	-0.7718
12	34	-0.7402
12	123	-0.5053
12	48	-0.5053
12	54	-1.2469
12	12	-0.7823
13	13	-0.9857
12	13	-0.9932
12	12	-1.0316
12	13	-0.7936
12	13	-0.7936
12	12	-0.7779
12	12	-0.9205
12	12	-0.9541
12	12	-0.9301
12	12	-1.2346
12	12	-0.9761
12	12	-0.4780
12	12	-0.8827
12	12	0.2057
12	12	0.8177
12	12	-0.9794
12	12	-0.9752
12	12	-0.3400
12	12	-0.9538
12	12	-1.2939
12	12	-0.5448
12	12	-0.8600
12	12	-0.3607
12	12	-0.8716
12	12	1.1616
12	12	-0.8926
12	12	-0.7196
12	12	-1.1229
12	12	-0.8703
12	12	-1.3494
12	12	-0.9606
12	12	-0.8014
12	12	0.5935
12	12	-1.1553
12	12	-1.1553
12	12	-1.1553
12	12	-1.1553
12	12	-0.9614
12	12	-1.1553
12	12	-0.7584
12	12	-0.9687
12	75	-0.4787
12	12	-0.9939
12	12	-1.1510
12	12	-0.9939
12	12	-0.2592
12	12	-0.7405
12	124	-0.2592
12	12	-1.0875
12	12	-0.2379
12	228	-0.7083
12	12	-0.7364
12	12	-0.9258
12	12	-0.9763
12	12	-0.7028
12	12	-0.8602
12	12	-0.9109
12	12	-0.3548
12	12	-0.8698
12	12	-1.1126
12	12	-0.8698
12	12	-1.0453
12	12	-0.6725
12	12	-0.6725
12	43	-1.1638
12	53	-0.0788
12	12	-0.7357
12	12	-0.9074
12	172	-0.8141
12	12	-0.6725
12	227	-0.8718
12	113	-0.5731
12	12	-0.7993
12	227	-0.5388
12	12	-1.0338
12	12	-0.9520
12	12	-0.8764
12	12	-0.7601
12	12	0.3672
12	99	-0.6482
12	12	-0.9921
12	12	0.0579
12	12	-0.6482
12	34	-0.5976
12	12	-1.0957
12	12	-0.7977
12	12	-1.0565
12	12	1.0796
12	12	-1.0654
12	12	-0.9836
12	12	-0.9955
12	12	-0.9870
12	12	0.5739
12	12	-1.1193
12	12	-0.8013
12	12	-1.0165
12	12	-1.1583
12	12	-0.9700
12	12	-1.0041
12	11	0.0440
12	12	-0.7714
12	12	-0.9584
12	12	-0.9612
12	12	-0.9612
12	12	-0.8391
12	12	-0.8815
12	12	-1.0099
12	12	-0.9961
12	12	-1.0099
12	12	-0.8972
12	12	-0.8972
12	12	-0.8972
12	12	-0.8496
12	213	-0.5603
12	113	1.1361
12	12	-1.0350
12	12	-1.0283
12	12	0.9275
12	12	0.7447
12	12	-0.9039
12	12	-1.1290
12	12	-0.5984
12	12	-0.9661
12	12	1.1085
12	12	-0.9240
12	12	-0.7348
12	12	-0.8324
12	12	-1.1066
12	12	0.7600
12	12	-0.9266
12	80	-1.1034
12	82	0.5939
12	12	-0.9076
12	124	0.2610
12	12	-0.8147
12	12	-1.3555
12	12	-0.9225
12	12	-0.8402
12	12	-0.9118
12	213	-0.3798
12	12	-1.2123
12	12	-1.0052
12	12	-0.2931
12	228	-0.5019
12	12	-0.5916
12	12	-0.6607
12	12	0.1172
12	12	-0.8240
12	12	-0.9205
12	228	0.6031
12	12	0.3518
12	12	0.2417
12	12	-0.6966
12	12	-0.8857
12	12	-0.6908
12	30	-0.8243
12	12	-0.9734
12	44	1.1782
12	12	-0.0397
12	85	-1.1260
12	12	-1.0057
12	30	-1.3170
12	12	0.8554
12	12	-0.7963
12	12	-0.7890
12	12	-1.0079
12	12	-0.6723
12	162	-0.4254
12	12	0.8865
12	12	-0.8187
12	12	-0.9464
12	12	-1.1469
12	12	-0.6893
12	12	-0.2298
12	12	1.0175
12	12	-1.0490
12	12	-0.7182
12	12	-0.7137
12	12	-0.9771
12	12	-0.7212
12	12	0.3736
12	12	-1.0351
12	12	-0.9771
12	12	-0.6993
12	12	-0.7024
12	13	-0.8413
12	12	-0.2808
12	12	-0.9902
12	12	-0.5842
12	12	-0.5845
12	73	-0.8128
12	12	-1.1237
12	12	-0.9293
12	12	-0.9728
12	12	-1.0440
12	12	-0.0707
12	12	-0.8766
12	12	-0.9447
12	12	-1.0493
12	12	-0.5401
12	12	-0.4934
12	12	1.2718
12	12	-0.8330
12	12	0.5086
12	12	-0.6384
12	12	-0.6593
12	12	-1.0440
12	12	-0.9195
12	12	-0.5937
12	12	-0.5620
12	12	-0.5731
12	12	-0.8595
12	12	-0.5731
12	12	-0.5318
12	12	-0.2840
12	12	-0.9476
12	12	-0.8555
12	12	-1.0440
12	12	-0.3841
12	12	0.9712
12	12	-1.0220
12	12	-1.0521
12	12	-0.9770
12	12	-0.7882
12	12	-0.9195
12	12	-0.7482
12	12	-0.2840
12	12	0.9673
12	12	-0.8042
12	12	0.1391
12	12	-0.6714
12	12	0.9867
12	12	-0.9771
12	12	0.1391
12	12	-0.8174
12	12	-0.9749
12	12	-0.8797
12	12	1.1196
12	12	-0.6862
12	12	-1.1237
12	12	-0.9728
12	12	-0.8448
12	13	-0.8413
12	12	-0.8256
12	12	-1.0493
12	12	-0.6462
12	12	-0.9234
12	12	0.9513
12	12	-0.8555
12	12	-0.8737
12	12	-1.0521
12	12	-0.9198
12	12	-1.0493
12	12	-0.3565
12	73	-0.6993
12	12	-0.7482
12	12	-0.5534
12	12	-0.2520
12	11	-0.9919
12	12	-0.9919
12	11	-1.0926
12	11	-0.5373
12	12	-0.9908
12	12	-0.8528
12	12	-0.9353
12	12	-0.3738
12	12	-0.8600
12	12	-0.9353
12	12	-0.7190
12	12	-0.7953
12	12	-0.5437
12	12	-0.9895
12	12	-0.8197
12	73	-0.7546
12	12	-0.5384
12	12	-0.5384
12	12	-0.7839
12	12	-0.0896
12	12	-0.9091
12	12	-1.0341
12	12	-1.0506
12	12	1.0164
12	12	-1.0255
12	12	1.0164
12	29	-0.8868
12	124	-0.6541
12	12	-0.7445
12	12	-0.5408
12	99	-0.4610
12	12	-0.7100
12	54	-0.5073
12	12	-1.4028
12	12	-1.3476
12	12	-0.7549
12	54	-0.5073
12	54	-0.8211
12	12	-0.5266
12	12	-0.6250
12	12	0.6694
12	12	-0.7915
12	100	-0.9825
12	78	-0.5952
12	226	-0.7213
12	226	-0.7213
12	12	0.2889
12	12	0.0237
12	12	0.0237
12	12	-0.6100
12	12	-0.9093
12	12	0.0237
12	12	-0.8202
12	12	-0.3463
12	12	-0.8803
12	54	-0.8803
12	12	-0.2610
12	54	-0.6034
12	12	-1.0689
12	12	-1.1098
12	12	-1.1079
12	12	-1.0689
12	12	-1.0136
12	99	-0.9673
12	17	-0.9590
12	12	-0.5740
12	99	-0.8789
12	12	-0.3374
12	12	-0.7951
12	119	-1.1244
12	12	-0.6121
12	12	-0.7803
12	12	-0.8687
12	12	-0.8687
12	12	-1.1969
12	12	-0.8103
12	12	-1.1797
12	12	-0.6601
12	12	-0.8103
12	12	-1.1797
12	12	-1.0149
12	12	0.1329
12	12	1.0273
12	12	-0.8565
12	12	-0.9580
12	12	-1.3964
12	146	0.7911
12	12	-0.3260
12	12	-1.0155
12	12	-0.9207
12	12	-0.1030
12	12	-0.6930
12	12	-0.5357
12	12	-1.0850
12	12	-0.1340
12	12	-1.1450
12	12	-1.1450
12	12	-0.9255
12	12	-0.6109
12	34	-0.6970
12	12	-0.7710
12	56	-0.8697
12	44	-0.8697
12	34	-1.0938
12	30	-1.0938
12	34	-0.4520
12	30	-0.4520
12	30	-0.4521
12	12	1.4591
12	12	-1.3600
12	12	-0.6137
12	12	-1.0879
12	12	-0.3738
12	12	-0.7088
12	38	-1.3518
12	12	-0.9714
12	12	0.7654
12	13	-0.4610
12	12	-1.0904
12	12	-0.0684
12	227	0.2803
12	12	-0.5351
12	12	-0.5351
12	12	-0.2812
12	12	-0.2812
12	12	-0.9430
12	12	-0.9721
12	12	-0.8394
12	12	-0.8761
12	12	-0.9229
12	12	-0.4630
12	195	-1.7018
12	12	-0.6062
12	38	0.4598
12	186	-0.8335
12	12	-0.8560
12	124	-0.8168
12	82	-0.9165
12	154	-0.7813
12	12	-0.7612
12	12	-0.7662
12	12	-0.5875
12	12	-0.9273
12	12	-0.7179
12	17	-0.7887
12	12	-0.8085
12	12	-0.5435
12	126	-0.9868
12	123	-0.9868
12	12	-0.3765
12	12	-0.9555
12	126	-0.8297
12	126	-1.0161
12	123	-1.0161
12	12	-0.8581
12	124	-0.5710
12	12	-1.2228
12	12	-1.2228
12	158	-0.7192
12	12	-1.5737
12	126	-0.8708
12	123	-0.8708
12	99	-0.7192
12	12	-1.2228
12	12	-0.7120
12	12	-0.9693
12	12	-0.6309
12	12	-0.0860
12	12	-0.5501
12	126	-0.9504
12	123	-0.9504
12	12	-1.0930
12	12	-0.4437
12	12	-1.1484
12	99	-0.2767
12	12	-0.7691
12	12	-0.7886
12	12	-0.6698
12	12	-1.0106
12	12	-0.7004
12	53	-0.6711
12	12	-0.9689
12	12	-0.7886
12	76	-1.0264
12	12	-0.7801
12	78	-0.6968
12	76	-0.5639
12	75	-0.4984
12	12	-1.2499
12	12	-1.0790
12	12	-0.5838
12	12	-0.9578
12	12	-1.0384
12	12	-1.2953
12	12	-0.1226
12	12	-0.7975
12	12	0.2552
12	12	1.2369
12	12	-1.2402
12	12	-0.9603
12	12	-0.7967
12	31	-0.7163
12	12	-0.4091
12	12	0.1516
12	12	-1.0848
12	12	-0.9656
12	12	-0.4091
12	12	-0.9245
12	12	-0.8499
12	12	-0.8329
12	12	-0.7953
12	12	-0.8754
12	12	-0.6824
12	12	-0.7597
12	99	-0.9268
12	12	-0.3833
12	12	-1.2686
12	12	-0.7261
12	12	-0.9131
12	12	-1.3228
12	12	-1.1412
12	12	-1.3228
12	12	-0.7261
12	124	-0.3852
12	12	-0.9164
12	12	-0.1786
12	12	-0.6392
12	12	-0.9866
12	12	-0.9164
12	12	-0.8913
12	12	-1.1577
12	12	-0.8588
12	12	-0.6887
12	12	-1.3192
12	12	-1.1538
12	12	-1.1577
12	154	-0.7671
12	12	-0.9774
12	176	-1.3723
12	12	-0.3026
12	12	-0.0946
12	12	-0.9774
12	12	-0.9892
12	37	-1.0194
12	12	-1.1817
12	12	-0.8433
12	12	-0.8345
12	12	-0.1458
12	12	-1.0805
12	12	-1.0421
12	12	-0.9080
12	12	-0.7957
12	12	-0.9061
12	12	-0.9733
12	12	-1.2792
12	12	-0.4100
12	12	-0.9733
12	12	-0.9061
12	12	-0.9592
12	12	-0.9592
12	12	-1.0760
12	12	-1.0760
12	12	-0.5884
12	152	-1.1344
12	12	-0.3785
12	12	-0.5764
12	12	0.2892
12	12	0.5137
12	213	0.4328
12	12	-0.8317
12	12	-0.7255
12	12	-1.1034
12	12	-1.5942
12	12	-1.2796
12	12	-1.0940
12	227	-0.0798
12	12	-0.5374
12	12	-0.5374
12	12	-1.1097
12	12	-1.0902
12	12	-1.1097
12	12	-1.2301
12	12	-0.9164
12	12	-0.5737
12	12	-1.0453
12	12	-0.8232
12	12	-1.0892
12	12	-1.3970
12	37	0.0911
12	12	-1.4677
12	12	-1.1571
12	12	-0.7923
12	12	-0.9909
12	12	-0.9909
12	12	-0.9909
12	12	-0.9909
12	12	-0.9909
12	12	-0.9909
12	12	-0.8402
12	12	-0.9909
12	12	-0.9909
12	12	-0.9909
12	12	-0.9909
12	12	-0.9909
12	12	-0.9909
12	12	-0.9909
12	12	-0.8886
12	12	-0.9909
12	12	-0.9909
12	12	-0.9909
12	12	-0.9909
12	12	-0.8402
12	12	-0.9909
12	12	-0.9909
12	12	-0.9909
12	12	-0.9909
12	12	-0.9909
12	12	-0.9909
12	12	-0.9909
12	12	-0.9909
12	12	-0.9909
12	12	-0.9909
12	12	-0.9909
12	12	-0.8402
12	12	-0.9909
12	12	-0.9909
12	12	-0.8589
12	12	-0.9909
12	12	-0.4667
12	12	-0.9909
12	12	-0.9909
12	12	-0.9909
12	12	-0.9909
12	12	-0.9909
12	12	-0.9909
12	12	-0.9909
12	12	-0.9909
12	12	-0.8402
12	12	-0.9909
12	12	-0.9909
12	12	-1.1501
12	12	-0.9909
12	12	-1.1501
12	12	-1.1863
12	12	-0.9909
12	12	-0.9909
12	12	-0.9909
12	12	-0.9909
12	12	-0.9909
12	12	-0.9909
12	12	-0.9909
12	12	-0.9909
12	12	-0.8402
12	12	-0.9909
12	12	-0.9909
12	12	-1.1501
12	12	-0.9909
12	12	-1.1501
12	12	-1.3480
12	12	-0.9909
12	12	-0.9909
12	12	-0.9909
12	12	-0.5555
12	12	-0.9909
12	12	-0.9909
12	12	-0.9909
12	12	-0.9909
12	12	-0.9909
12	12	-0.9909
12	12	-0.9909
12	12	-0.9909
12	12	-0.9909
12	12	-0.9909
12	12	-0.9909
12	12	-0.9909
12	12	-0.9909
12	12	-0.9909
12	12	-0.9909
12	12	-0.9909
12	12	-0.9909
12	12	-0.9846
12	12	-1.1501
12	12	-0.9909
12	12	-1.1501
12	12	-0.9909
12	12	-1.1501
12	12	-1.1863
12	12	-0.9909
12	12	-0.9909
12	12	-0.9909
12	12	-1.0075
12	12	-0.9909
12	12	-0.9909
12	12	-0.9909
12	12	-0.9909
12	12	-0.9909
12	12	-0.8402
12	12	-0.9909
12	12	-0.9909
12	12	-0.9909
12	12	0.5578
12	12	-0.9909
12	12	-0.9909
12	12	-0.9342
12	12	-0.9830
12	12	-0.9342
12	12	-0.9342
12	12	-0.9342
12	12	-0.9342
12	12	-1.1501
12	12	-0.9342
12	12	-1.1501
12	12	-0.9342
12	12	-1.1501
12	12	-1.1863
12	12	-0.9342
12	12	-0.9342
12	12	-0.9342
12	12	-0.9927
12	12	-0.9342
12	12	-0.9342
12	12	-0.9342
12	12	-0.9342
12	12	-0.9342
12	12	-1.1501
12	12	-0.9342
12	12	-1.1501
12	12	-0.9342
12	12	-1.1501
12	12	-1.1863
12	12	-0.9342
12	12	-0.9342
12	12	-0.9342
12	12	-0.9342
12	12	-0.9830
12	12	-0.9342
12	12	-0.9342
12	12	-0.9342
12	12	-0.9342
12	12	-0.9342
12	12	-1.1501
12	12	-0.9342
12	12	-1.1501
12	12	-0.9342
12	12	-1.1501
12	12	-1.1863
12	12	-0.9342
12	12	-0.9342
12	12	-0.7760
12	12	-0.8278
12	12	-0.9145
12	12	-0.3842
12	12	-1.0514
12	12	-0.8217
12	12	-0.9614
12	12	-0.9213
12	116	-0.1151
12	12	-1.1076
12	12	-0.8475
12	12	-1.2276
12	12	0.0037
12	124	-0.2279
12	12	-0.7210
12	168	-0.7671
12	12	-1.1994
12	12	-0.9092
12	12	-0.4399
12	12	-1.0908
12	12	-0.7060
12	12	1.1783
12	12	0.1147
12	12	-0.4558
12	34	-0.2945
12	100	-0.0903
12	52	-0.9718
12	148	-0.9718
12	12	-1.0226
12	73	-1.7512
12	12	-1.7512
12	12	-1.7512
12	12	-0.9203
12	12	0.3815
12	12	-0.1805
12	12	-0.6617
12	12	-0.6506
12	12	-1.0481
12	12	-0.8617
12	12	-0.4647
12	38	-0.4894
12	12	-1.3506
12	12	-1.3088
12	12	-1.0053
12	74	-0.3494
12	12	0.0013
12	12	-1.0714
12	12	-0.3617
12	12	-1.3148
12	12	-1.1216
12	12	-1.1130
12	74	1.1493
12	12	-1.4551
12	12	-0.9124
12	12	-1.1130
12	14	-0.8909
12	159	-1.3221
12	12	-0.7967
12	12	-0.4618
12	12	-0.2331
12	52	-0.8909
12	30	-0.5433
12	12	-0.7013
12	12	-0.7469
12	12	-0.6874
12	12	-0.7013
12	12	-0.3807
12	160	-0.8926
12	12	-0.6917
12	12	-1.1664
12	34	-0.6853
12	52	-0.8909
12	12	-0.7753
12	74	0.8495
12	12	-1.0117
12	12	-0.8076
12	159	-0.2716
12	12	-0.9000
12	12	-0.3819
12	12	-1.6210
12	12	-0.9383
12	52	-1.1080
12	12	-1.0858
12	12	-0.6743
12	48	-1.2643
12	12	-1.2038
12	12	-0.7187
12	12	-0.9144
12	12	-1.1399
12	12	-0.8487
12	12	0.1829
12	12	-0.8099
12	12	-1.4024
12	12	-1.0307
12	12	-0.3577
12	12	-1.0900
12	12	-1.2144
12	12	-0.0173
12	12	-0.8405
12	12	-0.9089
12	12	-0.3171
12	38	-0.9454
12	12	-0.8483
12	154	-0.8376
12	12	-0.8975
12	12	-0.7685
12	12	-0.8238
12	12	-0.6795
12	12	-0.7257
12	14	-0.7000
12	12	-0.2667
12	78	-0.6460
12	30	-0.3029
44	85	-0.9774
74	74	-1.0801
74	51	-0.8836
74	74	0.3419
74	12	-1.3358
74	12	0.4097
74	74	-0.4055
74	12	-0.8086
74	12	-1.1273
74	12	-0.7690
74	12	-1.3415
74	74	-0.8632
74	74	-0.7674
74	12	-1.0577
74	74	-0.7674
74	12	-1.0554
74	74	-0.7504
74	51	-0.8428
74	20	-1.1481
74	51	-0.6443
74	74	-0.9912
74	79	-0.8383
74	30	-0.6443
74	20	1.2739
74	11	-1.4676
74	12	-0.4603
74	74	-0.8018
75	75	-0.9995
75	80	-0.5760
75	76	-0.5639
75	77	-0.4836
75	75	-1.0494
75	82	-0.4356
75	81	0.0800
75	76	-0.5639
75	81	0.0135
75	77	-0.4836
75	75	-0.4628
75	75	-0.4984
76	80	-0.6387
76	75	-0.6197
76	75	-0.4984
77	76	-0.5639
77	77	-0.9185
77	75	-0.4984
78	99	-0.1284
78	75	-0.4806
78	75	-0.6197
37	99	-1.0424
37	30	0.8153
37	99	-0.7277
37	146	-0.9511
56	12	-0.8355
79	30	-0.6902
80	75	-0.4984
80	12	-0.2492
39	38	-0.6268
39	38	1.2360
39	50	-1.1423
39	99	0.6814
39	38	-0.6268
39	38	0.6814
39	39	-1.1423
39	24	-1.1423
39	105	-0.4092
38	38	-0.8929
38	38	-1.0356
38	99	-0.5664
38	99	-0.8874
38	38	-0.6379
38	38	-0.6033
38	38	-1.1227
38	120	-0.0736
38	121	-0.0736
38	39	-0.3385
38	38	-0.8980
81	80	-0.5760
81	76	-0.5639
81	81	-0.3410
81	77	-0.4836
81	82	-0.4356
20	56	-1.0533
20	30	-0.5822
20	30	0.1018
20	30	-0.6891
20	30	0.1018
20	97	-1.0110
20	20	-0.6243
20	97	-1.0110
20	97	-1.0110
20	131	-1.0110
20	132	-1.0110
20	133	-1.0110
20	134	-1.0110
20	56	1.2350
20	20	-0.3344
20	30	-0.6578
20	20	-0.1999
20	97	-1.1270
20	20	-0.8089
20	20	-0.8089
20	20	-1.1270
20	30	-0.2518
82	75	-0.6197
82	77	-0.4836
82	75	-0.4984
82	99	-0.1827
82	124	-0.6880
82	12	0.3601
82	82	-0.9766
12	12	-0.8958
12	12	-0.3721
12	54	-1.1018
12	32	-1.1018
12	12	-0.9939
12	12	-1.1510
12	12	-0.9939
12	12	-0.2592
12	12	-0.7405
12	124	-0.2592
12	12	0.7600
12	12	-0.9266
12	12	-0.5534
12	12	-0.2520
12	11	-0.9919
12	12	-0.9919
12	11	-1.0926
12	11	-0.5373
12	12	-0.9908
12	12	-0.8528
12	29	-0.8868
12	124	-0.6541
12	54	-0.8211
12	12	-0.5266
12	12	-0.6250
12	12	0.6694
12	12	-0.7915
12	100	-0.9825
12	78	-0.5952
12	226	-0.7213
12	226	-0.7213
12	99	-0.9673
12	17	-0.9590
12	12	-0.5740
12	99	-0.8789
12	12	-0.8687
12	12	-0.8687
12	12	-1.3600
12	12	-0.6137
12	12	-1.0879
12	12	-0.9721
12	12	-0.8394
12	12	-0.8761
12	12	-0.9229
12	12	-0.4630
12	195	-1.7018
12	12	-0.6062
12	38	0.4598
12	186	-0.8335
12	12	-0.9273
12	12	-0.7179
12	17	-0.7887
12	12	-0.8085
12	12	-0.5435
12	126	-0.9504
12	123	-0.9504
12	12	-1.0930
12	12	0.3871
12	12	-0.2428
12	80	-1.1392
12	12	-1.0286
12	12	-0.8462
12	54	-1.1392
12	12	-1.1042
12	50	-1.1392
12	12	-1.2499
12	12	-1.0790
12	12	-0.5838
12	12	-0.9578
12	12	-1.0384
12	12	-1.2953
12	12	-0.4091
12	12	0.1516
12	12	-1.0848
12	12	-0.9656
12	12	-0.4091
12	12	-0.9245
12	12	-0.8499
12	12	-0.8329
12	12	-1.2301
12	12	-0.9164
12	12	-0.5737
12	12	-1.0453
12	12	-0.8232
12	12	-0.9909
12	12	-0.9909
12	12	-0.9909
12	12	-0.9909
12	12	-0.9909
12	12	-0.9909
12	12	-0.8402
12	12	-0.9909
12	12	-0.9909
12	12	-0.9909
12	12	-0.9909
12	12	-0.9909
12	12	-1.1994
12	12	-0.9092
12	12	-0.4399
12	12	-1.0908
12	12	-0.7060
12	12	1.1783
12	12	0.1147
12	12	-0.4558
12	34	-0.2945
12	100	-0.0903
12	52	-0.9718
12	148	-0.9718
12	12	-1.0226
12	73	-1.7512
12	12	-1.7512
12	12	-1.7512
12	12	-0.9203
12	12	0.3815
12	12	-0.6617
12	12	-0.6506
12	12	-1.0481
12	12	-0.8617
12	99	-1.1305
12	12	-0.8975
12	12	-1.0272
12	12	-0.6094
12	12	-0.4647
12	38	-0.4894
12	14	-0.8909
12	159	-1.3221
12	12	-0.7967
12	12	-0.4618
12	12	-0.2331
12	52	-0.8909
12	30	-0.5433
12	12	-0.7013
12	12	-0.7469
12	12	-0.6874
12	12	-0.7013
12	12	-0.3807
12	160	-0.8926
12	12	-0.6917
12	12	-1.1664
12	34	-0.6853
12	52	-0.8909
12	12	-0.8076
12	159	-0.2716
12	12	-0.9000
12	12	-0.3819
12	12	-1.6210
12	12	-0.9383
12	52	-1.1080
12	12	-1.0858
12	12	-0.6743
12	48	-1.2643
12	73	-0.8461
12	12	-0.6938
12	12	-0.3780
12	12	-0.1792
12	12	-0.1566
12	12	-0.8412
12	12	-0.8973
12	12	-0.7257
12	14	-0.7000
12	12	-0.2667
12	78	-0.6460
12	30	-0.3029
12	12	-1.0716
12	12	-0.8520
12	12	-0.9411
12	215	1.4299
12	12	-1.1346
12	12	-0.2340
12	12	-0.5343
12	14	-1.0104
12	12	1.0069
12	30	-0.0345
12	12	-0.9389
12	12	-0.7525
12	12	-0.4846
12	12	-1.1473
12	12	-1.1487
12	12	-0.7356
12	12	0.3555
12	12	-0.9591
12	12	-0.8630
12	12	-0.1004
12	42	-0.9207
12	12	-0.1004
12	12	-0.2065
12	12	0.9902
12	12	-0.7465
12	12	-1.1146
12	82	-0.9509
12	12	0.8069
12	12	-0.9229
12	12	-1.4395
12	12	-0.8080
12	12	0.1638
12	12	-0.7907
12	12	-1.0972
12	82	0.8862
12	12	-1.2382
12	124	-1.2688
12	12	0.7541
12	12	0.9267
12	30	-0.6441
12	12	-1.1209
12	12	-1.2688
12	12	-1.4659
74	99	-0.8698
74	99	-0.9094
74	74	-0.8770
74	51	-0.9144
74	145	-0.9069
74	145	-0.8065
12	30	-0.7802
12	30	-0.7802
12	37	-0.7557
12	228	-0.6876
12	12	-0.6971
12	12	-0.3647
12	139	-0.8478
12	140	-0.8478
12	141	-0.8478
12	12	-0.9735
12	14	-0.4520
12	12	-0.9271
12	12	-0.3647
12	30	-0.7802
12	30	-0.7802
12	124	-0.4796
12	12	-1.1496
12	12	1.0439
12	12	0.4836
12	42	-0.6224
12	12	-1.0639
12	12	-1.2487
12	12	0.2518
12	12	-0.9314
12	12	-0.9314
12	12	-0.9314
12	12	-0.8872
12	12	-1.0877
12	12	0.9454
12	12	0.0354
12	12	0.0354
12	12	-0.9966
12	12	-0.9017
12	12	-1.2314
12	12	1.1056
12	12	1.1056
12	182	-0.8395
74	12	-0.4694
74	74	-0.9453
74	227	-0.7784
74	227	-0.7784
74	227	-0.2415
74	12	-0.6486
74	12	-0.8284
74	228	-1.0987
74	12	-0.8793
74	12	-0.6047
12	74	-0.9677
12	12	0.2559
12	12	-0.7598
12	12	-0.9824
73	12	-0.9598
73	12	-0.9598
12	12	-0.7529
12	12	-1.0305
12	73	-0.8065
12	12	-0.8821
12	182	-0.3647
73	73	-0.9353
73	73	-0.9455
12	12	-0.8287
12	12	-0.8140
12	12	-0.6818
12	12	-0.4452
12	12	-1.0839
12	12	-0.4625
12	12	-0.4452
12	12	-0.9443
12	12	-0.9719
12	12	0.3938
13	73	-1.1231
12	12	-0.9692
12	126	-0.9623
12	12	-0.5345
12	12	-0.1362
12	12	-0.6440
12	12	-0.1941
12	12	-0.8800
12	12	-1.0267
12	12	-1.0267
12	12	-0.9154
12	12	-1.0267
83	12	-0.4139
83	12	-0.4139
12	12	-1.1664
12	12	-0.1820
12	83	-0.7728
74	30	-0.7534
74	74	-0.9411
74	30	-1.2798
74	37	-0.9411
74	99	-0.0240
74	181	-0.8619
74	74	-1.2798
74	74	-1.2798
74	30	0.6952
74	20	-0.9411
74	226	-1.0802
74	51	-1.2798
12	12	-0.7977
12	140	-0.6325
12	12	-0.8605
12	12	-0.7641
12	12	-1.2213
12	12	-0.0580
12	12	-0.0580
12	12	-1.3721
12	12	-1.3721
12	12	-0.9595
12	99	-0.8777
12	12	-1.3721
12	12	-0.0580
12	12	-0.9525
12	12	-0.3729
12	12	-0.9897
12	12	-0.1770
12	12	-0.9953
12	12	-0.7119
13	13	-0.7180
74	40	-1.1391
74	169	-0.3047
74	12	-1.2246
74	12	-0.9084
12	12	-0.8116
12	12	-0.9488
12	12	-1.0277
12	129	-0.9113
12	48	-0.9113
12	59	-1.0665
12	80	-1.0925
12	154	-0.8032
12	146	1.0133
12	12	-0.9424
12	12	-0.8539
12	12	-1.3533
12	169	-1.0809
12	12	-1.3533
12	12	-0.8198
12	12	-0.7707
12	193	0.7107
12	2	0.7107
12	12	-0.8742
12	12	0.0646
12	12	-1.0778
12	12	-0.0488
12	12	-0.7856
12	12	0.8128
12	12	-0.6016
12	12	-0.7957
12	12	-0.7469
12	12	-0.7858
12	12	-0.5018
12	124	-0.3951
12	193	-0.3951
12	193	-0.8051
12	2	-0.8051
12	12	-1.0596
12	12	-1.0596
12	12	-1.0386
12	12	-0.8745
12	12	-0.9300
12	12	-0.6670
12	1	-0.4516
12	12	-0.8809
12	12	-0.9255
12	12	-1.3702
12	12	-0.5942
12	12	-0.8375
12	12	-1.0649
12	12	-0.8352
12	12	-0.9829
12	12	-0.6053
12	12	-1.1237
12	74	-0.8666
12	12	-1.2889
12	12	-1.1948
12	12	0.9126
12	12	-0.7375
12	12	-1.0559
12	12	-1.2820
12	12	-0.9390
12	12	-0.8516
12	12	-0.3696
12	12	-0.4737
12	12	-0.3372
12	12	0.1555
12	12	-1.0905
12	12	-0.8999
12	12	-1.3597
12	12	-0.7516
12	80	-0.4232
12	12	-0.9524
12	12	-0.7694
12	12	-0.4333
12	12	-1.0886
12	42	-0.9772
12	12	-0.6291
12	12	-0.6150
12	42	-0.9137
12	12	-0.7775
12	12	-0.7934
12	12	-0.9394
12	12	-0.6408
12	12	0.0042
12	12	-0.5910
12	12	-0.6110
12	12	0.1795
12	12	-0.9431
12	12	-0.8522
12	12	-0.7336
12	74	-1.0016
12	12	-0.3946
12	12	-1.1981
12	12	-1.1016
12	12	-0.8066
12	12	-0.9330
12	12	0.5682
12	12	-0.6612
12	38	-0.8585
12	12	-0.5112
12	12	-0.8098
12	12	-0.8011
12	12	-0.6847
12	146	0.0388
12	12	-0.6131
12	55	-1.1556
12	99	0.0100
12	108	-0.9039
12	47	0.2080
12	12	-0.8456
12	12	-0.9140
12	12	-0.5404
12	38	-0.0530
13	13	-0.8791
12	12	-0.0315
12	161	-1.0161
12	12	-0.0315
12	12	1.2061
12	12	-0.9299
12	120	-0.3883
12	121	-0.3883
12	12	-1.0675
12	12	1.2061
12	12	-0.4645
12	12	-0.9234
12	12	-0.7781
12	12	-1.1156
12	99	-0.7756
12	12	-0.9564
12	12	-1.1156
12	12	-0.9758
12	13	-0.5360
12	12	-1.2359
84	45	-0.7405
28	28	-0.8561
28	28	-0.8517
28	28	-0.8990
87	87	-0.7605
87	87	-1.0117
87	87	-0.8847
87	87	-0.8847
87	87	-1.5370
87	87	-0.5790
87	87	-0.9649
87	87	-0.7211
87	87	-0.8646
87	87	-0.8646
28	28	-0.5410
29	145	-0.9984
29	29	-0.8958
29	29	0.4879
29	12	-0.8567
29	29	-0.7483
29	29	-1.1896
29	29	-0.8277
29	29	-0.1280
29	29	-0.1280
29	29	-0.1280
29	29	-1.0752
29	29	-0.4872
29	29	-0.8738
29	29	-0.9434
29	29	-0.9117
29	29	-0.9117
29	29	-1.0628
29	29	-0.6084
29	29	-1.0853
29	29	-0.5915
29	29	-1.3136
29	99	-0.7116
29	29	-0.5807
29	29	-0.2744
29	28	-0.9880
29	28	-1.1709
29	125	-0.6450
29	29	-1.1380
29	88	-0.8708
29	29	-0.6488
29	29	-0.4337
28	29	-1.0449
29	29	-1.0449
28	27	-1.0400
29	27	-1.0400
28	29	-0.4223
29	29	-0.4223
28	29	-0.9404
29	29	-0.9404
27	85	-0.9975
29	99	-1.1419
29	27	-0.6798
29	29	-1.0856
29	29	-0.4211
29	29	-0.6763
29	29	-0.8963
29	29	-0.8501
29	29	-1.1086
29	29	-1.2840
29	29	-0.9989
29	29	-0.4058
29	29	-0.9626
29	29	-0.3573
29	29	1.1758
29	29	-0.8215
29	29	1.1758
29	29	-1.0428
29	29	-0.8312
29	29	-1.0906
29	29	-1.1890
29	29	-0.5030
29	29	-1.1890
29	29	-0.2191
29	29	-0.3372
29	12	-0.9011
29	29	-0.3372
29	29	-0.6748
29	29	-0.7024
29	29	-0.9217
29	29	-0.9758
29	29	-1.1422
29	29	-0.9056
29	29	-0.9758
29	29	-1.1422
29	29	-1.0371
29	29	-0.7867
29	29	-0.8075
29	29	-1.0471
29	29	-0.6023
29	29	-1.0951
29	29	0.5114
29	29	-1.5294
29	29	-1.5294
29	29	-1.5294
29	89	-1.3666
29	29	0.4865
29	29	-0.6925
29	29	0.4865
29	29	-0.8960
29	29	-0.3494
29	29	0.0538
29	29	-0.3494
29	29	-1.1915
29	28	-1.0146
29	28	-1.0146
29	28	-1.2022
29	29	-1.0335
29	29	-0.7122
29	29	-1.2976
29	29	-1.3440
29	29	-0.8734
29	29	-0.9230
29	29	-0.8734
29	29	-0.9230
29	29	-0.5964
29	29	1.0400
29	29	-0.8813
29	29	-0.4640
29	29	-0.8811
29	29	-0.8685
29	29	-0.8813
29	29	-0.9655
29	29	-1.2113
29	29	1.1283
29	29	-0.6494
29	29	-0.5921
29	29	-0.9926
29	29	-1.0661
29	29	-0.5814
29	29	-1.1925
29	29	-1.2792
29	29	-1.0800
29	29	-0.8188
29	29	-0.8188
29	29	-0.8188
29	29	-0.6967
29	29	-0.8188
29	29	-1.5006
29	29	-0.7847
29	29	-0.8116
29	29	-1.5006
29	29	-0.7095
29	29	-1.0321
29	29	-1.2857
29	29	-0.9645
29	29	-0.2507
29	29	-0.5761
29	29	-1.0986
29	29	-0.6651
29	29	-0.9645
29	29	-0.0882
29	29	-0.9731
29	29	-0.9088
29	29	-0.4811
29	29	-1.0443
29	29	-1.3238
29	29	-1.0443
29	29	-0.8804
29	29	-0.8911
29	29	-0.9122
29	29	-1.1188
29	29	-0.7965
29	29	-0.8860
29	29	-1.5978
29	29	-0.9581
87	87	-1.0886
87	87	-0.2845
87	87	-0.5231
87	87	-0.1112
87	87	-1.0886
29	29	-0.7136
29	29	-0.8952
29	29	-1.0964
29	29	-0.7864
29	126	-0.8022
29	29	-1.0979
29	126	-1.1163
29	123	-1.1163
29	29	-0.5024
29	29	-1.2419
29	29	-1.1107
29	29	-1.1107
29	29	-0.7308
29	126	-0.9635
29	123	-0.9635
29	29	-0.9862
29	29	-0.6884
29	28	-0.7205
29	29	-0.7205
29	29	-1.2419
29	29	-0.9862
29	85	-1.2479
29	29	-0.3411
29	29	-0.9155
29	29	-0.9410
29	29	1.0746
29	29	-0.9415
29	29	-0.9415
29	29	-0.7871
29	119	-1.0838
29	87	-1.0591
29	29	-1.1922
29	86	-1.1519
29	29	-0.9415
29	29	-0.9415
29	29	-1.1380
29	29	-0.7411
29	30	-0.1170
29	29	-0.9174
29	35	-0.5751
29	29	-0.9410
29	90	-0.8978
29	29	-0.7848
29	29	0.2769
29	29	-0.8044
29	29	-0.2647
29	29	-1.0033
29	29	-0.6327
29	29	-1.0033
29	29	-1.1627
29	90	-0.8178
29	29	-0.9267
29	29	0.7308
29	29	-0.8066
29	29	-1.0932
29	29	-0.5785
29	29	-1.0496
29	29	-0.1753
29	29	-0.8719
29	29	-0.6498
29	29	-0.7924
29	29	-0.7924
29	29	-1.4122
29	29	-0.7260
29	29	-1.2604
29	29	-1.0442
29	29	-0.6964
29	29	-0.0700
29	29	1.0249
29	29	-0.6814
29	29	-0.9627
29	29	-0.8544
29	29	-0.8223
91	57	-0.9267
29	29	-0.7915
29	29	-1.0399
29	29	-0.3831
29	29	-0.8970
29	29	-1.0912
29	29	-1.0409
29	29	-0.6089
29	29	-0.9336
29	29	-0.9336
29	29	-1.2247
29	29	-0.0253
29	29	-0.8193
29	29	0.0590
29	29	-1.2247
86	48	-0.8352
29	48	-0.8352
85	85	-0.8643
29	29	-0.7643
29	29	-0.6241
29	85	-0.9064
29	29	0.4877
29	29	-1.0003
29	29	-1.2632
29	29	0.1124
29	29	-1.2018
29	29	-1.0133
29	29	-0.9908
29	29	-0.8481
29	29	-0.8931
29	29	-0.4113
29	29	-1.2869
29	29	-1.2174
29	29	-1.0381
29	29	-1.0402
29	29	-0.8217
29	29	-0.9841
29	29	-0.9779
29	29	-0.6208
29	29	-0.9841
29	29	-0.9912
29	29	-0.2103
29	29	-1.1272
29	29	-0.2942
29	91	0.1954
29	86	-0.8950
29	29	-0.8950
29	85	-1.2324
29	85	-0.7083
29	85	-0.6348
29	29	-0.3437
29	29	-0.7247
29	29	-0.8464
29	29	-0.9221
29	29	-0.9156
29	29	-0.7136
29	29	-0.8712
29	29	-0.8276
88	29	-0.7320
29	29	-0.7320
88	29	-0.8117
29	29	-0.8117
88	29	-0.7859
29	29	-0.7859
88	29	-0.7543
29	29	-0.7543
29	29	-1.0003
29	29	-0.0551
29	123	-0.7707
29	29	-0.6592
29	88	-0.0501
29	29	-0.0501
29	29	-0.6592
29	29	-0.4958
29	92	-0.8821
29	29	-0.6247
93	29	-1.0242
29	29	-0.8069
89	92	-0.8138
92	88	-1.4552
92	29	-1.4552
29	29	-0.8182
29	29	-0.8037
29	29	-0.9240
29	29	-1.0831
94	92	-0.7483
92	92	-0.7483
94	89	-1.0237
92	89	-1.0237
92	92	-1.0107
92	88	-1.0107
92	29	-1.0107
92	94	-1.0107
92	92	-1.0107
92	89	-1.0107
29	29	-0.8787
29	29	-0.5919
29	29	-1.5547
29	29	-0.9058
29	29	-0.6215
29	29	-0.7365
29	29	-1.2019
29	85	-0.9604
29	90	-0.7456
95	29	-0.2707
95	93	-0.9224
29	29	-0.7544
29	29	-0.9794
29	29	-1.2672
29	29	-0.8066
29	29	-0.9618
29	29	-1.0125
29	29	-0.7973
29	29	-0.6269
29	29	-0.5866
29	29	-0.9069
29	29	-0.6938
29	29	-0.8852
29	29	-0.9416
29	29	-0.9854
29	29	-0.9854
29	29	-0.9232
29	29	-0.8308
29	29	-0.7959
29	29	-0.9769
29	38	-0.8556
29	29	-0.9603
29	29	-0.0520
29	29	-1.1187
29	29	-1.0603
29	29	-0.9643
29	29	-0.9536
29	29	-0.9536
29	29	-0.7334
92	92	-0.7388
29	29	-0.7759
29	29	-0.8065
29	29	-1.0822
29	29	-0.8352
29	29	-1.0644
29	29	-0.7872
29	29	-1.0116
29	29	-0.7184
29	29	-0.9143
29	29	-0.9409
29	29	-1.0116
29	29	-0.8973
29	29	-0.8921
29	29	-1.5169
29	29	-1.5169
29	48	-0.8729
29	29	-0.9637
29	29	-0.8729
29	29	-0.9164
29	29	-0.4522
29	29	-1.0220
29	29	-0.8685
29	29	-0.9811
29	29	-1.4074
29	29	-1.4074
29	29	-1.0220
29	29	-0.9045
29	29	-0.9708
29	29	-0.9236
29	29	-0.6526
29	29	-0.9904
29	29	-0.9236
29	29	-0.9365
29	29	-0.8557
29	29	-0.9211
29	29	-0.8269
29	29	-1.0817
29	29	-0.6473
29	29	-0.5840
29	29	-1.0304
29	29	-0.6348
29	29	-1.1276
29	29	-0.9235
29	29	-0.8681
29	29	-1.1138
29	29	-1.1300
29	29	-0.8338
29	29	-0.7744
29	29	-0.9321
29	29	-0.9703
29	29	-1.2520
29	29	-0.6684
29	29	-1.2374
29	29	-0.8609
29	29	-0.8609
29	29	-1.0559
29	29	-0.5841
29	29	-1.0487
29	29	-0.9636
29	29	-0.8214
29	95	-1.0487
29	29	-0.8960
29	29	-0.9843
29	29	-0.1672
29	29	-0.8855
29	29	-1.1331
29	29	-0.6132
29	29	-0.7902
29	29	-0.9553
29	29	-1.3418
29	29	-0.5371
29	29	-1.3418
29	29	-0.7512
94	94	-0.9580
94	92	-0.9580
96	29	-1.1060
29	29	-1.1060
96	29	-0.8899
29	29	-0.8899
96	29	-0.4177
29	29	-0.4177
96	29	-1.2807
29	29	-1.2807
96	29	-1.0731
29	29	-1.0731
96	29	-0.9115
29	29	-0.9115
96	29	-0.7664
29	29	-0.7664
96	29	-1.1370
29	29	-1.1370
96	29	-0.5299
29	29	-0.5299
29	29	-0.9547
29	29	-0.6858
29	96	-0.7230
29	29	-0.7230
29	29	-0.9803
29	29	-0.8093
29	29	-0.6189
29	29	-0.8462
29	29	-0.7069
29	29	0.7686
29	29	-0.9962
29	96	-0.7063
29	29	-0.7063
29	29	-1.0130
29	29	-0.8853
29	29	-0.8622
29	29	-1.4119
29	29	-1.0992
87	29	-1.0398
29	29	-1.0398
87	29	-0.9196
29	29	-0.9196
87	29	-0.3780
29	29	-0.3780
87	29	-1.0398
29	29	-1.0398
87	29	-0.9196
29	29	-0.9196
87	96	-0.4702
87	29	-0.4702
29	96	-0.4702
29	29	-0.4702
29	96	-0.9408
29	29	-0.9408
29	29	-0.7047
29	29	-0.9630
29	88	-0.9696
29	29	-0.9696
29	88	-0.9863
29	29	-0.9863
29	29	-0.7311
90	93	-0.9473
29	29	-0.9660
29	29	-0.7762
29	29	-1.0754
29	29	-1.0200
29	29	-0.2807
29	88	-0.8958
29	29	-0.8958
85	85	-0.8326
86	85	-0.8326
85	85	0.1835
86	85	0.1835
29	29	-1.1481
29	96	-1.1481
29	29	-1.1481
29	29	-0.8420
29	29	-0.8852
29	29	-0.7930
29	12	-0.9623
29	29	-1.0055
29	87	0.4427
29	29	0.4427
29	87	-0.8852
29	29	-0.8852
29	29	-0.6974
29	92	0.2043
29	94	0.2043
29	92	0.2043
29	94	0.2043
29	29	-0.5085
29	29	-0.8055
29	29	-0.7075
29	96	-0.9703
29	29	-0.9703
29	29	-0.6553
29	29	-0.6402
29	48	-0.8223
29	29	-0.9348
29	29	-0.9703
29	29	-0.9781
29	96	-0.8834
29	29	-0.8834
29	29	-0.7803
29	29	-0.5000
29	29	0.4165
29	29	-1.2484
29	29	-0.7285
29	96	-0.8637
29	29	-0.8637
29	29	-0.8596
29	95	-0.9309
29	29	-1.2451
29	48	-0.3983
29	29	-1.2451
29	29	-0.7285
29	29	-0.8259
29	29	-1.0232
29	96	-0.8283
29	29	-0.8283
29	96	-1.0853
29	29	-1.0853
29	96	-1.2765
29	29	-1.2765
29	29	-0.7107
29	29	-1.2674
29	29	-1.1449
29	29	-1.1449
29	96	-1.2031
29	29	-1.2031
29	29	-0.9529
29	96	-1.1325
29	29	-1.1325
29	29	-0.8679
29	48	-0.9024
29	87	-0.9529
29	29	-0.9529
29	96	-0.6990
29	29	-0.6990
29	29	-0.7557
29	87	-1.5749
29	29	-1.5749
29	29	-0.6688
29	29	-0.8208
29	29	-0.8822
29	29	-0.7315
29	29	-0.9131
29	29	-0.7267
29	87	-0.9871
29	29	-0.9871
29	96	-1.1127
29	29	-1.1127
29	29	-0.9095
29	29	-0.9131
29	29	-0.7613
29	29	-0.2560
29	29	-0.7613
29	29	-0.7315
29	29	-0.9571
29	29	-0.9966
85	34	-0.7315
86	34	-0.7315
85	91	-0.7315
86	91	-0.7315
97	30	-1.0222
97	30	-0.7826
97	30	-0.6578
97	30	0.1155
97	30	-0.8623
97	30	0.0928
97	30	-0.9552
97	30	-1.2802
97	30	-0.1815
97	30	-0.8001
97	30	-0.6425
97	30	0.8992
97	30	-0.0746
97	30	-0.4968
97	30	-0.8358
97	30	-0.8299
97	30	-0.1954
97	30	-0.7119
97	30	-0.0493
97	97	0.1383
97	97	-0.5246
97	30	-1.5384
97	30	-0.6983
97	30	-0.9221
97	30	-0.9814
97	30	1.3091
97	30	-0.7304
97	30	-0.8632
97	30	-1.1766
97	30	-0.3347
97	30	-0.6650
97	30	-1.1220
97	30	-1.1125
97	30	-0.3767
97	30	-0.9069
97	30	-1.0176
98	98	-0.7116
98	98	-0.9305
98	64	-1.1645
98	65	-1.1645
98	67	-1.1645
98	68	-1.1645
98	69	-1.1645
98	98	-0.9558
98	98	0.4853
98	98	-0.9558
32	14	-0.4834
100	48	-0.6553
99	38	-0.7155
99	99	-0.6880
99	12	0.6982
99	17	-0.9280
101	14	-0.7986
99	19	-0.5803
99	99	0.8736
99	99	-0.8246
99	99	-1.5943
99	12	-1.5943
99	145	-0.6957
99	42	-0.8895
99	12	-1.0292
99	30	-0.4587
99	34	-0.8895
99	99	-0.4466
99	99	-0.2072
99	99	-0.7408
99	29	0.7004
99	99	-0.7408
102	28	-1.1146
102	88	-1.1146
103	14	-1.0906
103	113	-1.0906
103	146	-0.8406
99	70	-0.2217
99	69	-0.2217
99	102	-0.7058
99	99	-0.7740
99	28	-1.1906
99	88	-1.1906
99	103	-0.9823
99	42	0.1653
99	124	-0.8438
99	30	-0.8438
99	99	-0.8438
99	99	0.0174
99	30	0.8497
99	99	0.3177
99	99	-0.9679
99	99	-0.3410
99	99	-0.8866
99	124	-0.7240
99	12	0.2855
99	99	-0.9217
99	18	-0.0289
99	99	-0.8153
99	42	-0.9217
99	12	-1.0321
99	30	0.8497
99	99	0.3177
99	99	-0.9679
99	99	-0.3410
99	99	-0.8866
99	124	-0.7240
99	12	0.2855
99	99	-0.9217
99	18	-0.0289
99	99	-0.8153
99	42	-0.9217
99	12	-1.0321
104	126	-0.9473
99	126	-0.9473
104	228	-0.7493
99	228	-0.7493
104	105	0.1313
99	105	0.1313
99	99	-0.3747
105	99	0.3108
99	154	-0.9715
99	99	-0.9890
106	52	-0.8508
106	42	0.5892
107	98	-1.3569
106	106	1.1411
106	99	-0.3152
106	126	-0.9282
106	130	-0.9282
106	118	-0.9282
106	34	-0.8925
106	50	-0.9282
106	186	-0.9426
106	106	-0.6535
106	106	-0.9032
106	146	0.6914
106	106	-0.7138
99	38	-0.8710
99	12	-0.8701
106	106	-0.8891
106	106	0.7889
99	99	-1.0754
108	108	0.9285
108	108	-1.3678
99	38	-0.9756
99	146	-0.7704
99	55	-0.8932
109	200	-0.3789
108	108	-1.0147
108	108	-0.9031
108	220	-0.8529
108	108	-1.0147
108	42	-0.9756
99	99	0.1683
99	105	-1.3459
99	108	-0.2172
99	104	-0.6161
99	99	-0.6161
108	34	-0.6334
99	99	-1.1311
99	226	-1.1311
105	105	-0.8044
105	105	-1.1946
99	99	-0.6140
99	124	-0.6360
99	30	0.3469
99	145	0.3469
99	82	-0.6360
99	12	-0.5806
99	99	-0.7516
99	99	-1.0802
99	12	-0.9536
110	127	-1.2674
97	30	-0.5786
111	167	0.5012
34	126	-1.0612
16	16	-0.8459
16	58	-0.6508
112	15	-0.9122
112	15	-0.8943
16	16	-0.9043
16	16	-0.9041
16	16	-0.6884
16	16	-1.1081
16	16	-1.0196
16	16	0.0102
16	16	-0.9801
16	16	-0.5366
16	99	-1.0710
16	16	-1.1676
112	15	-1.0034
112	112	-0.6656
113	213	0.5777
16	16	-0.7516
16	19	-1.0957
19	19	-1.0655
19	131	-0.7229
19	132	-0.7229
19	133	-0.7229
19	134	-0.7229
14	58	-0.6869
30	30	-0.8811
30	30	-0.5931
30	160	-0.7437
30	30	-0.8208
114	114	-0.5057
114	115	-0.5057
115	114	-0.5057
115	115	-0.5057
114	30	0.1868
115	30	0.1868
114	114	-0.8080
114	115	-0.8080
115	114	-0.8080
115	115	-0.8080
30	30	-0.5856
30	30	-0.9910
19	19	-0.9426
19	19	-0.6780
19	19	-0.9207
30	146	-0.9511
30	146	-1.0541
30	146	-0.6867
117	117	-0.3729
117	116	-1.0356
117	36	-0.3919
119	30	-0.8986
119	30	-0.9734
120	38	-0.7614
121	38	-0.7614
120	17	0.1975
121	17	0.1975
120	17	-0.4832
121	17	-0.4832
120	12	-0.5622
121	12	-0.5622
122	12	-0.8437
123	123	-0.5904
125	123	-0.9374
126	123	-0.7736
126	127	-0.7736
123	123	-0.7736
123	127	-0.7736
126	126	-0.3162
126	123	-0.3162
128	121	-1.0718
127	128	-0.4757
129	126	-0.3880
48	126	-0.3880
126	118	-0.5299
130	118	-0.5299
118	118	-0.5299
126	126	-0.2504
126	118	-0.2504
130	126	-0.2504
130	118	-0.2504
118	126	-0.2504
118	118	-0.2504
131	30	-1.2970
132	30	-1.2970
133	30	-1.2970
134	30	-1.2970
131	30	-0.9180
132	30	-0.9180
133	30	-0.9180
134	30	-0.9180
131	97	-0.9146
132	97	-0.9146
133	97	-0.9146
134	97	-0.9146
135	34	-0.1479
136	34	-0.1479
138	34	-0.1479
137	34	-0.1479
139	181	-0.3351
140	181	-0.3351
141	181	-0.3351
139	99	-1.1154
140	99	-1.1154
141	99	-1.1154
139	124	-0.8481
140	124	-0.8481
141	124	-0.8481
139	12	-1.0886
140	12	-1.0886
141	12	-1.0886
143	21	0.6429
108	108	-0.3457
144	41	-1.0454
144	144	-1.0796
144	144	-1.1697
144	212	-0.2969
144	144	-0.9533
144	41	-0.9078
144	144	-1.2456
144	144	-0.8116
144	144	-0.5764
144	144	-0.2606
144	144	0.1229
144	144	-0.6168
144	144	-1.1355
144	144	-0.6783
144	34	-0.8686
144	144	-0.7910
144	34	-0.7860
144	146	-0.5972
49	60	-0.9939
49	61	-0.9939
49	62	-0.9939
49	63	-0.9939
145	145	-0.9608
145	145	-0.9696
145	50	-0.8940
145	145	-0.8419
145	145	-0.5629
147	147	-1.2572
147	147	-1.2572
147	168	-0.9640
147	145	-1.1493
147	147	-1.0124
147	147	-1.0124
148	194	-1.3101
54	12	-0.7549
54	12	-1.3476
54	12	-1.4028
54	226	-0.7213
54	78	-0.5952
54	12	-0.7915
54	12	0.6694
54	12	-0.7633
149	131	-1.4095
149	132	-1.4095
149	133	-1.4095
149	134	-1.4095
149	30	-0.7434
149	131	-0.8891
149	132	-0.8891
149	133	-0.8891
149	134	-0.8891
149	131	-1.4095
149	132	-1.4095
149	133	-1.4095
149	134	-1.4095
149	52	-0.7375
149	119	-1.0479
149	30	-0.4583
150	150	-1.0078
150	150	-0.7917
150	34	-0.7039
151	150	-0.8548
151	151	-0.4393
99	12	-0.5575
99	34	-0.8000
99	126	-0.8912
99	158	-0.7906
99	12	-1.0290
152	213	-0.5801
99	167	-0.5545
99	173	-1.1678
153	14	-0.5881
153	85	-0.8532
153	86	-0.8532
99	30	-0.9525
154	1	0.1634
154	154	-0.7535
154	154	0.8222
146	49	-1.4600
146	169	-0.9713
154	154	-1.0083
154	154	0.2592
154	154	-1.1963
154	154	-1.1154
154	116	0.4623
154	154	0.6131
154	154	0.2804
154	154	-1.2176
154	124	-1.1526
154	168	-0.9197
154	154	-0.4770
154	154	0.7068
154	146	-0.2009
154	146	-0.9076
154	168	-0.8512
154	154	-0.6740
154	154	-0.1542
154	154	-1.1100
154	154	-0.8230
154	146	0.0445
154	154	-0.6492
154	154	-0.8734
154	154	-0.8261
154	154	-0.0504
154	154	1.0595
154	154	-0.7973
154	154	-0.6189
154	154	-0.3385
154	154	-0.6318
154	154	-0.2493
154	154	-0.3549
154	154	-0.6880
154	154	-0.6191
154	116	-0.6323
154	180	-0.6900
154	154	-0.7447
154	5	-1.0159
154	2	-1.0159
154	185	-0.8959
154	185	-0.9914
154	185	-0.8598
154	185	-0.8598
154	180	0.2519
154	185	-1.2778
154	154	-0.8006
154	154	0.0951
154	154	-1.0522
154	154	-0.6888
154	154	-0.7913
154	154	-1.0395
154	154	-0.7897
154	154	-0.4468
154	1	-0.9082
154	185	-0.1130
154	179	-0.8968
154	182	-0.8248
154	116	-0.4884
154	154	-1.1546
154	154	0.1502
154	154	-1.0821
154	154	-0.7527
154	154	-0.8817
154	154	-0.7054
154	154	-0.6981
154	154	-0.0443
154	154	0.8336
154	182	0.0525
154	154	-0.8923
154	154	-0.7989
154	154	0.0214
154	154	0.3676
154	154	-0.3127
154	154	-0.1848
154	154	-0.9629
154	187	-0.8051
154	154	-0.7013
145	30	-1.4331
145	145	0.4637
145	154	0.4637
145	145	-0.7471
154	154	1.0731
154	154	-0.7194
154	154	-0.8456
154	154	-0.6147
154	154	-0.8198
154	192	-0.5376
154	154	-1.0044
154	154	-0.9681
154	154	-0.7333
154	154	0.2094
154	154	-0.7792
154	154	0.3155
154	154	-0.7485
154	154	-0.9890
154	145	-0.9376
154	154	-0.8602
154	154	-0.8483
154	154	0.1513
154	154	-0.8634
154	154	0.5781
154	5	-0.8513
154	189	-0.4031
154	154	-0.4220
154	154	-1.0589
154	154	-0.9793
154	154	-1.0183
154	154	-0.5892
154	154	0.3676
145	154	-0.9515
145	154	-1.0491
154	154	-0.9662
154	154	-0.9208
154	154	-0.8644
154	154	-0.6761
154	154	-0.5746
154	154	-0.8427
154	154	-0.5785
154	154	-0.9571
154	154	-0.7733
154	154	0.3155
154	168	-0.7389
154	154	-0.7934
154	116	-0.7724
154	154	0.1933
154	154	-0.5832
154	154	-0.7897
154	185	-0.6579
154	154	-0.6358
154	154	0.2502
154	185	-0.9893
154	168	-1.0580
154	154	-0.8440
154	116	-0.5427
154	182	-0.9168
154	154	-0.8283
154	154	-1.0304
154	154	-0.6981
154	182	0.0525
154	124	-0.8467
154	154	-0.9622
154	154	-0.9054
154	182	1.0077
154	154	-0.6490
154	5	-1.0463
154	168	-0.8080
154	168	-0.8726
154	146	-0.6604
154	146	-0.0143
154	19	-1.1339
1	154	-0.8203
154	168	-0.9134
145	154	-0.8801
154	146	-0.7061
154	124	-0.8896
154	154	-0.8896
154	154	-0.5534
154	85	-0.7564
154	86	-0.7564
154	145	-0.6734
154	168	-0.8303
154	106	-0.9908
154	154	-0.7639
154	154	-0.8139
154	154	-0.5944
154	154	-0.8881
145	154	-0.5272
145	154	-1.0323
154	154	-0.1900
154	154	-0.9291
154	154	-0.4236
154	145	-0.9518
154	106	-0.9908
155	99	-0.8549
146	156	-0.8324
146	155	-0.8494
146	124	-0.0680
146	99	-0.7747
156	155	-0.6859
154	2	-0.6269
154	154	-0.7460
154	126	0.3402
154	106	-0.7922
154	154	-0.6769
154	85	-0.7564
154	86	-0.7564
154	168	-0.8303
154	145	-1.1319
154	154	-0.1857
154	154	0.1262
154	154	-0.4283
154	154	-1.0848
154	154	-1.1391
154	168	-1.0056
154	154	-0.8993
154	184	-0.6977
154	184	-0.6818
154	124	0.0619
154	154	-0.9740
154	154	-0.5744
154	154	-0.8253
154	154	-0.8469
154	154	0.7931
154	124	-0.7694
154	154	-0.9841
154	154	-0.1015
154	154	-0.4866
154	2	-0.6269
154	154	-0.7460
154	208	-0.7882
154	154	-0.2697
154	154	-0.8495
154	154	-1.1033
154	157	0.0575
154	154	-0.5134
154	154	-1.1645
154	154	-0.6526
154	154	-0.7902
154	122	-0.4444
154	154	-0.8006
154	154	-0.6748
154	154	0.0845
154	154	-0.7086
154	154	-1.0742
154	154	-0.9492
154	154	-0.6588
154	154	-1.2192
154	154	-0.8634
154	154	-0.8621
154	154	-0.8629
154	154	-0.9947
154	154	-0.7194
154	154	0.3155
154	191	-0.9542
154	180	1.2192
154	154	-0.9223
154	185	-0.9400
154	154	-0.9210
154	154	-0.5832
154	154	-0.4426
154	154	-1.0030
154	154	-1.0341
154	154	-0.2315
154	154	-0.9785
154	154	-0.8146
154	154	-0.9947
157	154	0.0994
157	154	-0.9392
154	154	-0.6753
154	154	-0.8456
154	154	-0.1631
158	70	-1.1349
158	66	-1.1349
159	48	-0.6756
160	145	-0.7841
161	12	-0.4160
161	12	-0.9234
162	162	-1.0293
162	162	-0.9938
162	162	-0.8979
162	162	-1.0893
162	163	-0.9181
162	162	-0.9181
163	163	-0.9486
163	194	-0.9486
162	163	-0.9486
162	194	-0.9486
162	162	-0.9872
162	186	-0.8053
162	162	-0.8053
162	163	-0.9815
162	194	-0.9815
162	163	-0.8140
162	162	-0.8140
163	7	-1.4117
164	2	-1.0332
165	200	-0.6593
166	166	-0.7251
166	204	-0.4711
166	166	-0.8023
166	166	-0.8715
166	111	-0.9514
166	166	-0.2475
166	166	-0.8593
124	82	-1.0236
154	154	-0.9018
154	5	-0.9144
154	154	-0.9766
154	5	-1.1586
154	2	-1.1586
154	5	-0.9766
154	154	-0.8287
154	154	-0.8847
154	154	-1.0427
124	124	-0.8726
154	154	-0.6273
154	2	-0.4748
124	48	-0.7680
154	154	-0.9058
154	154	-0.9058
154	2	-0.9058
154	154	-0.8236
167	167	-1.1814
124	126	-1.0816
124	123	-1.0816
124	12	-1.1496
154	154	-0.6329
154	154	-1.0390
154	169	-1.1015
154	154	-0.8632
154	154	-1.0718
124	154	-0.8076
124	15	0.5679
124	154	-0.8261
124	124	-0.9894
124	5	-1.0080
124	154	-0.8468
124	154	-0.1881
124	154	-0.6784
124	2	-0.4187
154	12	-0.8484
124	154	-0.7636
124	124	-1.2127
168	154	0.1225
168	15	0.8748
167	168	-0.7658
167	168	0.0077
167	168	-1.0270
167	168	-0.9430
167	154	-0.2966
169	169	-1.1069
169	169	-0.9257
169	169	-0.7897
169	169	-1.4267
169	169	-1.0060
169	169	-1.0298
169	29	-0.8596
169	169	-0.4985
169	71	-0.8381
169	72	-0.8381
170	34	-0.8507
170	179	-0.8507
171	221	-0.5973
171	45	-0.3427
158	158	-0.5242
158	126	-0.8717
158	123	-0.8717
172	163	-0.7902
172	186	-0.7902
173	145	-0.9511
164	175	-0.8121
164	163	-0.9864
164	221	-1.0247
174	7	0.1488
6	174	-1.1444
6	6	-1.1432
6	3	-0.9653
6	1	-1.1432
175	169	-0.4674
175	175	-0.6318
175	174	-0.7010
175	175	-1.0234
176	164	-0.7661
175	5	-0.9577
175	218	-0.9275
175	218	-1.0279
175	218	-0.9275
175	194	-1.3522
175	164	-1.3522
175	6	-0.6749
176	200	-0.9581
177	219	-0.4181
178	200	-0.8779
178	200	-0.9014
176	164	-0.6036
179	176	0.3938
2	6	-0.8567
2	175	-0.1247
2	2	-1.0132
179	176	-0.1696
180	179	-0.6108
180	229	-0.8832
154	154	-0.9766
154	5	-1.1586
154	2	-1.1586
154	5	-0.9766
154	154	-0.8287
154	154	-0.8847
154	154	0.8686
154	154	-0.6273
154	2	-0.4748
154	154	-0.9058
154	154	-0.9058
154	2	-0.9058
154	2	-0.6816
154	154	-0.6329
154	154	-0.8550
154	154	-0.9004
154	154	-0.8975
154	154	-0.8485
124	124	1.0943
168	154	-0.8714
124	154	-0.8076
146	168	-0.8208
146	168	-0.4373
124	5	-1.0080
124	15	0.5679
124	124	-0.9894
124	154	-0.8261
146	124	-0.5357
146	154	0.0418
146	154	-0.7203
146	154	-0.9021
124	154	-0.1881
124	154	-0.6784
124	154	-0.8468
124	2	-0.4187
167	167	-0.7961
167	124	-0.8993
167	154	-1.2539
167	124	-1.2539
167	15	-0.9913
167	15	-0.9652
146	30	-0.7248
146	145	-0.7043
168	124	-0.7536
168	154	-0.6459
124	124	-1.2127
124	154	-0.7636
168	168	-0.7397
168	154	0.0219
168	167	-0.6926
168	167	-0.7941
116	168	0.1665
116	168	-1.2232
116	154	-0.9588
116	154	-1.0484
116	154	0.3224
116	124	-0.9602
116	124	0.8693
154	5	-0.9912
167	124	-0.7570
167	186	-1.1502
124	2	-0.5609
124	154	-0.5609
124	124	-0.7825
124	124	-0.9290
124	124	-0.4543
146	2	-1.3112
168	147	-1.0712
116	163	-1.2199
124	154	-0.2941
124	124	-0.8209
124	124	0.1651
124	124	-0.7594
124	124	-0.9032
124	124	0.1599
124	154	-0.8626
124	167	-0.6166
168	168	-1.0388
146	116	-1.0371
146	124	-0.8264
168	2	-1.4993
146	168	-0.7767
116	124	-0.9268
124	124	0.9931
124	5	-1.0438
124	5	-0.3179
168	124	-0.6166
167	116	-0.7343
167	167	0.2518
167	146	-0.9271
167	222	-0.9366
124	222	-0.9190
124	2	-0.9190
124	124	-0.5238
124	124	-0.7996
124	154	-0.8061
124	124	-0.8541
124	167	-0.5487
146	124	-1.1497
146	124	-0.3371
146	124	-0.8230
146	124	-0.9875
146	154	0.4223
146	124	-0.1695
146	168	-0.4040
116	146	-0.9605
116	154	-0.9236
181	145	-1.2176
181	146	-1.3052
181	124	-0.9046
181	124	0.4505
154	12	-0.9447
168	154	-0.9279
168	168	-0.4727
146	154	-0.4726
146	168	0.0339
146	146	-0.0105
146	154	-0.6337
154	168	-0.4630
154	168	-0.9401
116	154	-0.1033
124	114	0.1310
124	115	0.1310
146	167	-0.6873
146	146	1.1920
146	116	1.1920
124	1	-0.1923
124	1	-0.8293
154	124	-0.5714
154	6	-0.7913
154	164	-0.7913
154	174	-0.7913
154	164	-1.0546
154	174	-0.7913
154	174	-0.7423
124	146	-0.8614
124	168	-0.5334
124	124	-1.1497
124	168	-0.4278
124	146	0.0437
124	124	-0.9875
124	124	-0.7556
146	154	-0.7907
146	174	-0.8342
146	124	-0.7243
146	1	-0.6507
154	146	-0.7484
116	154	-0.8560
116	146	-0.7415
116	5	-0.2022
168	172	0.5914
168	177	0.5914
1	57	-0.4052
1	172	-0.9571
1	154	-0.8700
1	168	-0.8234
1	154	-0.5899
1	154	-0.9603
1	124	-1.1470
1	168	0.4299
1	5	0.7675
1	168	0.1168
1	2	-0.5046
1	124	-0.5461
1	124	-0.8209
1	168	-0.8710
1	168	-0.9019
1	124	-0.9161
1	116	-1.3370
1	124	-0.8422
168	1	0.4581
168	1	-0.4975
154	168	-0.2589
154	146	-0.7969
154	146	-0.8159
154	168	-0.6538
154	168	-0.1902
116	146	0.7396
116	168	-0.4487
146	1	0.1041
146	167	-0.5934
146	124	-0.6790
182	112	-0.8726
182	182	-0.9343
182	116	-0.8820
182	8	-0.8997
183	168	-0.2594
183	124	-1.0328
183	116	0.3336
182	146	0.5165
182	146	-1.0715
182	167	-0.9295
116	183	-0.6651
116	124	-0.8772
116	146	-1.1894
116	124	-1.1894
116	5	-0.8188
116	116	-0.6828
116	154	-0.9355
116	1	-1.1324
116	116	-0.7778
116	116	-0.9027
124	19	-0.8278
124	19	-0.8802
124	203	-0.6190
1	182	-0.0385
184	154	-0.3165
184	154	1.0051
124	154	-0.3581
124	168	1.0676
124	124	-1.0412
124	124	-1.0040
185	154	-0.8879
185	5	-1.0156
185	116	1.0675
185	175	-0.4610
187	201	-1.0387
188	187	-0.5034
190	187	-0.0286
188	190	-1.0181
192	131	-1.0207
192	132	-1.0207
192	133	-1.0207
192	134	-1.0207
189	154	0.6214
5	5	-0.9773
5	190	-0.4233
5	188	-0.7113
5	186	-0.9196
194	176	-0.8414
186	176	-0.8414
5	5	-0.6311
5	2	-0.6311
195	195	-0.9223
195	202	-0.9223
5	5	-1.1961
5	2	-1.1961
2	5	-1.1961
2	2	-1.1961
5	5	-0.4912
2	5	-0.4912
5	5	-0.9320
5	5	-1.0775
5	5	-1.0635
5	2	-1.0635
5	5	-0.7896
5	2	-0.7896
2	5	-0.7896
2	2	-0.7896
5	5	-0.7277
5	2	-0.7277
2	5	-0.7277
2	2	-0.7277
5	2	-0.9250
2	2	-0.9250
5	5	-0.8709
2	5	-0.8709
5	2	-0.5175
2	2	-0.5175
5	2	-0.9108
2	2	-0.9108
5	5	-0.9250
5	2	-0.9250
2	5	-0.9250
2	2	-0.9250
5	5	-0.8565
5	2	-0.8565
2	5	-0.8565
2	2	-0.8565
5	5	-0.9250
5	2	-0.9250
2	5	-0.9250
2	2	-0.9250
196	180	-0.8321
196	220	-0.4192
196	6	-0.7457
197	202	-1.0677
197	197	-0.9123
197	10	-0.9123
198	197	-0.8912
198	10	-0.8912
199	5	-1.1546
199	2	-1.1546
197	10	-0.9237
10	10	-0.9237
197	10	-0.9237
10	10	-0.9237
10	10	-1.0439
200	200	-0.3704
200	200	-0.8895
200	200	-1.0055
200	200	-1.2640
200	200	-1.0212
200	200	-0.4909
200	201	-0.4909
200	200	-0.9591
200	200	-1.0422
200	201	-1.0422
200	200	-1.0422
200	175	-0.7799
200	200	-0.7774
200	201	-0.7774
200	200	-0.8793
200	200	-0.9280
200	200	-0.9912
200	166	-1.0187
200	200	-0.4697
200	200	-0.8805
166	166	-0.7345
166	166	-0.8175
166	166	-0.8175
200	200	-1.0508
200	200	-0.9462
200	200	-0.8436
200	200	-0.2605
200	200	-0.9926
200	178	-0.7696
200	200	-0.9335
200	200	-0.4828
200	201	-0.4828
200	200	0.2920
200	200	-0.8549
200	200	-0.7014
200	222	-0.7014
200	200	-0.7014
200	198	-1.0566
200	200	-1.2075
200	200	-0.8862
200	222	-0.8862
198	198	-0.7149
198	198	-0.7501
200	200	-0.4741
200	200	-0.9738
200	200	-0.7972
200	175	0.9557
200	200	-0.1358
200	201	-0.1358
200	200	-1.0897
200	200	-0.9468
200	200	-0.9519
200	201	-0.9519
200	166	-1.0116
200	200	-1.0535
200	200	-1.0535
200	200	-0.4697
200	200	-0.7283
200	200	-0.8614
200	200	-0.7575
200	200	-0.8408
200	200	-0.7541
201	200	-0.7541
197	10	-0.8412
10	10	-0.8412
197	10	-1.0399
10	10	-1.0399
9	9	0.7451
9	197	-0.9426
9	10	-0.9426
9	198	-0.8788
202	198	-0.7676
10	197	-1.0603
10	10	-1.0603
5	2	-0.8809
2	2	-0.8809
2	2	-0.6359
203	116	-1.3699
2	2	-1.0558
2	2	-0.8424
2	2	-1.0466
2	2	-0.9202
2	2	-1.0974
2	2	-1.1708
2	2	-0.7400
2	2	-1.2113
2	2	0.7917
2	2	-0.9831
2	2	-0.9831
2	2	-1.1226
2	5	-1.1552
2	2	-1.1552
2	8	-1.1226
2	2	-1.1226
2	2	-0.8372
2	2	-0.7243
2	2	-0.7548
8	8	-1.1448
8	203	-0.9597
8	2	-0.9597
2	2	-0.4115
2	2	-0.1388
2	5	-0.8175
2	2	-0.8175
2	5	1.0131
2	2	1.0131
2	5	-1.1274
2	2	-1.1274
5	5	-0.9357
5	2	-0.9357
2	5	-0.9357
2	2	-0.9357
5	5	-0.9422
5	2	-0.9422
2	5	-0.9422
2	2	-0.9422
5	5	-0.8560
5	2	-0.8560
2	5	-0.8560
2	2	-0.8560
5	5	-0.8560
5	2	-0.8560
2	5	-0.8560
2	2	-0.8560
5	5	-1.0431
5	2	-1.0431
2	5	-1.0431
2	2	-1.0431
2	2	-1.1474
2	5	-0.9042
2	2	-0.9042
2	2	-0.9541
5	5	-0.4559
5	2	-0.4559
2	5	-0.4559
2	2	-0.4559
5	2	-0.4534
2	2	-0.4534
5	2	0.7978
5	221	0.7978
2	2	0.7978
2	221	0.7978
5	2	-1.3545
2	2	-1.3545
5	2	-0.8174
2	2	-0.8174
2	8	-0.7560
2	2	-0.7560
2	2	-0.9730
2	5	-1.1164
2	2	-1.1164
2	2	-0.8033
5	5	-1.0826
5	2	-1.0826
2	5	-1.0826
2	2	-1.0826
5	2	-0.7304
2	2	-0.7304
5	5	-0.7304
5	2	-0.7304
2	5	-0.7304
2	2	-0.7304
5	5	-0.8457
5	2	-0.8457
2	5	-0.8457
2	2	-0.8457
2	2	-0.8606
5	2	-1.0177
2	2	-1.0177
5	2	-0.9004
2	2	-0.9004
5	2	-0.6476
2	2	-0.6476
2	2	-1.1106
2	5	-1.0967
2	2	-1.0967
2	4	-1.1106
2	2	-1.1106
2	2	-0.9473
2	2	-1.0967
2	2	-1.2122
2	2	-0.9834
2	2	-0.8557
2	5	-0.6769
2	2	-0.6769
204	167	-0.9609
204	167	-0.9021
205	107	-0.9378
205	200	-0.9335
205	201	-0.9335
207	206	-1.0896
207	179	-1.0375
207	203	-1.0357
206	207	-0.8207
206	207	-0.8276
206	207	-0.4433
206	179	-0.8916
208	207	-0.1699
208	206	-0.1699
209	209	-0.8888
209	217	-0.7998
210	166	1.0250
142	223	-0.7513
142	179	-0.6318
142	167	-0.8221
142	172	-1.0923
211	177	-0.8356
211	6	-0.8822
212	205	-0.9971
212	169	-1.0946
212	205	-0.9463
212	165	-0.9433
53	214	-0.2384
213	214	-0.2384
53	210	-0.2787
213	210	-0.2787
53	25	-0.9978
53	26	-0.9978
213	25	-0.9978
213	26	-0.9978
53	211	-0.9252
213	211	-0.9252
214	211	-0.9252
214	25	-0.9978
214	26	-0.9978
214	201	-0.8413
214	187	-0.4827
214	188	-0.8550
211	106	-1.0194
211	211	-1.0194
211	175	-0.9618
211	211	-0.8057
211	210	-0.2787
211	200	-0.8670
211	163	-1.2794
211	19	-0.2211
211	209	-0.4160
211	215	0.0128
211	142	-0.2148
215	5	-0.8183
215	211	-0.4390
215	215	-1.0076
215	216	-0.7873
25	48	-1.2241
26	48	-1.2241
25	25	-0.8987
25	26	-0.8987
26	25	-0.8987
26	26	-0.8987
25	211	-0.9252
26	211	-0.9252
25	210	-0.2787
26	210	-0.2787
216	194	-1.2016
216	186	-1.2016
216	215	-0.8374
216	181	-0.2019
217	162	-0.3527
217	163	-0.8286
217	124	-0.9754
163	5	-0.9214
163	2	-0.9214
163	195	-0.6542
163	163	-1.3447
163	163	-0.7445
163	194	-1.3447
163	162	-1.3447
163	163	-0.9662
163	194	-0.9662
163	163	-1.1647
194	163	-1.1647
163	164	-0.6303
194	164	-0.6303
219	164	-0.7218
220	175	-1.0680
220	175	-0.8756
220	175	-0.7631
222	2	-0.7093
2	2	-0.7093
222	222	-0.0694
2	222	-0.0694
6	7	-0.9702
6	175	-0.5290
6	175	-0.9628
6	218	-0.9544
6	179	-0.3600
6	2	-1.0197
194	176	-1.0310
164	176	-1.0310
179	179	-0.9556
179	194	0.7498
179	186	0.7498
218	218	-0.9169
218	218	-0.8550
218	75	-0.5910
223	186	-0.9429
223	219	-0.7909
224	3	-0.7025
3	3	-0.7025
7	7	-1.1175
7	7	1.6798
7	162	-0.9076
7	163	-1.1398
7	162	-1.1398
2	2	-0.8880
221	2	-0.8880
2	2	-1.0509
221	2	-1.0509
2	2	-1.0758
221	2	-1.0758
163	163	-1.0682
163	194	-1.0682
163	186	-0.8762
163	162	-0.8762
163	194	-0.8037
163	186	-1.1290
163	162	-1.1290
194	186	-1.1290
194	162	-1.1290
163	186	-1.3165
163	162	-1.3165
194	186	-1.3165
194	162	-1.3165
163	194	-0.9073
194	194	-0.9073
163	164	-1.2369
163	164	-1.2369
179	175	-0.7720
218	218	-0.8124
193	193	-1.0375
193	2	-1.0375
2	193	-1.0375
2	2	-1.0375
218	218	-0.9301
218	218	-0.5793
218	164	-1.5668
218	176	-1.5668
218	218	-0.4286
225	222	-0.7988
225	3	-0.7988
5	5	0.6890
191	9	-0.6491
191	202	-0.1012
191	197	-0.9750
3	146	-1.0293
3	154	-0.5054
3	224	-0.8234
3	3	-0.8234
3	225	-0.3967
3	3	-0.7693
226	186	-0.9748
226	215	-1.1376
2	2	-0.9190
228	228	-1.0743
228	12	-0.9085
227	227	-0.6624
227	12	-0.7464
229	180	-0.8856
